prime,target,condition
MACHINE,washer,related
THREE,four,related
TUPPERWARE,plastic,related
CRUTCH,leg,related
CAFFEINE,coffee,related
CHIP,potato,related
FOAM,shave,related
BEEF,cow,related
PERCENT,hundred,related
WICKER,basket,related
PREPARE,ready,related
APATHETIC,sympathetic,related
CORRECT,wrong,related
PLIERS,tool,related
SLOB,messy,related
DEEP,shallow,related
DIMINISH,lesson,related
JOURNAL,diary,related
CAR,auto,related
COAST,beach,related
HAND,necklace,unrelated
CELCIUS,after,unrelated
EFFECT,group,unrelated
SURVIVE,tomato,unrelated
CONFUSE,sheets,unrelated
EXPENSIVE,shave,unrelated
ENERGY,drip,unrelated
CARPET,mountains,unrelated
NONE,full,unrelated
HILL,devil,unrelated
TECHNIQUE,touch,unrelated
BENEFIT,idea,unrelated
STUDENT,jeans,unrelated
EMERGENCY,irritating,unrelated
PROVERB,silly,unrelated
MONDAY,vegetable,unrelated
CAPTIVE,candy,unrelated
DISAPPEAR,annoy,unrelated
EMBARRASS,math,unrelated
WITCH,apology,unrelated
MARGIN,pes,nonword
NERVE,arn,nonword
VEER,snee,nonword
FLOAT,chrint,nonword
WEB,prot,nonword
EVEN,bood,nonword
FORMULA,povel,nonword
FLEET,dailure,nonword
ALLOW,baw,nonword
STAIRS,mon,nonword
SPAGHETTI,eccount,nonword
RESCUE,meather,nonword
FOOL,snee,nonword
CHARACTERISTI,chrimtpas,nonword
FATHER,povel,nonword
FURY,vemetables,nonword
BARTENDER,denert,nonword
COYOTE,vored,nonword
LIFE,emply,nonword
CONSEQUENCE,spob,nonword
