Start,End,Time Zone,Duration,Restful Minutes, Restless Minutes, Awake Minutes
2022-10-09 23:11,2022-10-10 06:29,CEST,438,274,0,32
2022-10-08 23:31,2022-10-09 07:08,CEST,457,280,0,5
2022-10-07 23:25,2022-10-08 07:19,CEST,474,301,0,12
2022-10-06 22:51,2022-10-07 05:58,CEST,427,280,0,9
2022-10-05 23:51,2022-10-06 05:52,CEST,362,198,0,2
2022-10-05 00:07,2022-10-05 06:00,CEST,353,195,0,9
2022-10-03 23:06,2022-10-04 05:59,CEST,414,296,0,4
2022-10-02 23:14,2022-10-03 05:58,CEST,404,293,0,14
2022-10-01 01:20,2022-10-01 07:42,CEST,382,232,0,2
2022-09-29 23:31,2022-09-30 06:00,CEST,389,281,0,9
2022-09-28 23:39,2022-09-29 05:59,CEST,380,236,0,15
2022-09-27 23:17,2022-09-28 05:59,CEST,402,251,0,14
2022-09-27 01:04,2022-09-27 05:59,CEST,295,186,0,4
2022-09-25 22:50,2022-09-26 06:00,CEST,430,322,0,16
2022-09-24 23:55,2022-09-25 07:49,CEST,474,272,0,12
2022-09-23 23:42,2022-09-24 07:31,CEST,468,286,0,13
2022-09-21 22:38,2022-09-22 06:00,CEST,442,306,0,15
2022-09-19 22:30,2022-09-20 06:34,CEST,484,461,15,8
2022-09-18 22:49,2022-09-19 06:48,CEST,479,439,14,27
2022-09-17 22:41,2022-09-18 07:07,CEST,506,471,17,19
2022-09-16 23:19,2022-09-17 07:52,CEST,512,472,17,24
2022-09-15 22:50,2022-09-16 06:00,CEST,430,419,11,0
2022-09-14 22:54,2022-09-15 06:08,CEST,435,412,12,10
2022-09-13 22:30,2022-09-14 06:24,CEST,474,441,10,24
2022-09-13 00:00,2022-09-13 06:50,CEST,411,388,12,10
2022-09-11 23:47,2022-09-12 06:29,CEST,401,384,11,6
2022-09-10 02:56,2022-09-10 06:25,CEST,209,185,7,17
2022-09-09 00:25,2022-09-09 06:22,CEST,357,347,9,1
2022-09-07 22:00,2022-09-08 06:28,CEST,508,485,13,11
2022-09-06 22:39,2022-09-07 06:20,CEST,461,436,14,11
2022-09-06 00:34,2022-09-06 06:11,CEST,336,321,13,2
2022-09-04 22:30,2022-09-05 06:29,CEST,480,460,16,4
2022-09-03 22:00,2022-09-04 07:00,CEST,541,515,21,5
2022-09-03 01:01,2022-09-03 08:38,CEST,457,435,12,10
2022-09-01 23:40,2022-09-02 06:28,CEST,408,384,10,14
2022-08-31 22:30,2022-09-01 06:30,CEST,480,451,15,14
2022-08-30 22:43,2022-08-31 06:57,CEST,494,472,12,11
2022-08-29 22:52,2022-08-30 06:27,CEST,455,423,12,20
2022-08-28 23:57,2022-08-29 06:17,CEST,380,361,13,6
2022-08-27 23:30,2022-08-28 09:34,CEST,604,566,19,19
2022-08-26 22:00,2022-08-27 07:01,CEST,542,480,18,44
2022-08-25 22:30,2022-08-26 06:25,CEST,476,464,11,1
2022-08-24 23:38,2022-08-25 06:46,CEST,428,406,9,13
2022-08-23 23:59,2022-08-24 06:33,CEST,394,370,8,17
2022-08-22 22:30,2022-08-23 06:29,CEST,480,447,13,20
2022-08-21 22:56,2022-08-22 06:27,CEST,451,421,14,17
2022-08-20 23:19,2022-08-21 07:41,CEST,503,464,14,25
2022-08-19 23:46,2022-08-20 07:00,CEST,434,404,13,17
2022-08-18 22:17,2022-08-19 06:30,CEST,494,467,12,14
2022-08-17 22:30,2022-08-18 06:39,CEST,489,468,13,8
2022-08-16 22:43,2022-08-17 06:30,CEST,467,441,12,14
2022-08-15 23:06,2022-08-16 06:38,CEST,452,392,9,51
2022-08-14 22:48,2022-08-15 06:28,CEST,460,424,13,23
2022-08-12 22:30,2022-08-13 07:14,CEST,524,470,16,38
2022-08-11 22:39,2022-08-12 06:35,CEST,477,418,11,48
2022-08-11 00:16,2022-08-11 06:29,CEST,374,353,7,13
2022-08-09 23:28,2022-08-10 06:39,CEST,432,395,15,22
2022-08-08 22:43,2022-08-09 07:03,CEST,500,484,10,6
2022-08-07 23:32,2022-08-08 07:13,CEST,461,407,11,43
2022-08-07 00:02,2022-08-07 08:20,CEST,498,447,26,25
2022-08-06 00:30,2022-08-06 08:54,CEST,504,439,11,54
2022-08-04 22:59,2022-08-05 06:57,CEST,478,454,14,10
2022-08-04 00:07,2022-08-04 06:56,CEST,409,397,12,0
2022-08-02 22:52,2022-08-03 06:34,CEST,462,442,11,9
2022-08-02 00:50,2022-08-02 07:05,CEST,375,314,14,47
2022-07-31 22:30,2022-08-01 07:36,CEST,546,505,21,21
2022-07-30 23:00,2022-07-31 10:12,CEST,673,616,36,21
2022-07-30 02:23,2022-07-30 07:24,CEST,300,275,9,16
2022-07-28 23:45,2022-07-29 07:00,CEST,434,422,13,0
2022-07-27 22:16,2022-07-28 07:04,CEST,528,476,46,6
2022-07-26 22:00,2022-07-27 08:00,CEST,601,564,30,6
2022-07-25 23:00,2022-07-26 06:25,CEST,445,428,17,0
2022-07-25 03:30,2022-07-25 07:38,CEST,249,237,11,0
2022-07-24 03:00,2022-07-24 07:41,CEST,282,271,11,0
2022-07-22 00:30,2022-07-22 06:19,CEST,349,337,12,0
2022-07-21 01:14,2022-07-21 08:42,CEST,448,426,19,3
2022-07-19 23:45,2022-07-20 07:59,CEST,494,478,13,3
2022-07-18 23:37,2022-07-19 09:05,CEST,568,548,20,0
2022-07-18 00:34,2022-07-18 08:56,CEST,502,474,24,3
2022-07-17 01:00,2022-07-17 08:50,CEST,470,454,16,0
2022-07-15 23:38,2022-07-16 07:54,CEST,497,475,21,0
2022-07-15 00:03,2022-07-15 06:29,CEST,386,374,11,0
2022-07-13 23:34,2022-07-14 06:43,CEST,429,415,10,3
2022-07-12 23:30,2022-07-13 06:52,CEST,442,427,13,3
2022-07-12 00:19,2022-07-12 06:31,CEST,372,362,8,2
2022-07-11 00:00,2022-07-11 07:16,CEST,436,418,17,2
2022-07-09 23:53,2022-07-10 08:14,CEST,501,480,19,3
2022-07-08 23:30,2022-07-09 08:20,CEST,530,512,16,3
2022-07-07 23:30,2022-07-08 07:23,CEST,474,458,13,3
2022-07-06 00:30,2022-07-06 06:36,CEST,366,356,10,0
2022-07-04 23:00,2022-07-05 06:30,CEST,451,411,14,25
2022-07-03 23:00,2022-07-04 06:48,CEST,468,449,19,0
2022-07-02 23:31,2022-07-03 07:13,CEST,463,442,21,0
2022-06-30 23:13,2022-07-01 06:34,CEST,442,427,15,0
2022-06-29 23:00,2022-06-30 06:15,CEST,435,421,12,2
2022-06-28 23:34,2022-06-29 07:10,CEST,456,440,15,2
2022-06-27 22:57,2022-06-28 07:30,CEST,513,489,20,4
2022-06-27 00:05,2022-06-27 06:33,CEST,389,376,9,3
2022-06-26 00:00,2022-06-26 07:57,CEST,478,460,16,2
2022-06-25 05:51,2022-06-25 09:31,CEST,220,203,15,2
2022-06-22 22:58,2022-06-23 06:29,CEST,451,435,14,2
2022-06-20 23:26,2022-06-21 06:24,CEST,418,401,15,2
2022-06-20 00:46,2022-06-20 07:21,CEST,395,383,11,0
2022-06-18 23:00,2022-06-19 08:45,CEST,585,556,28,1
2022-06-17 22:30,2022-06-18 07:01,CEST,511,492,18,2
2022-06-16 22:54,2022-06-17 05:00,CEST,366,352,13,1
2022-06-16 00:18,2022-06-16 06:23,CEST,365,352,11,2
2022-06-14 23:00,2022-06-15 06:30,CEST,450,434,16,0
2022-06-13 22:46,2022-06-14 06:49,CEST,483,455,25,2
2022-06-13 00:10,2022-06-13 06:44,CEST,394,382,11,0
2022-06-11 23:00,2022-06-12 06:54,CEST,474,456,17,2
2022-06-11 00:44,2022-06-11 08:40,CEST,476,457,18,2
2022-06-09 22:30,2022-06-10 05:55,CEST,445,425,18,3
2022-06-08 22:30,2022-06-09 06:56,CEST,506,483,22,1
2022-06-07 23:08,2022-06-08 06:30,CEST,442,430,11,0
2022-06-05 23:30,2022-06-06 08:27,CEST,538,514,23,0
2022-06-05 00:30,2022-06-05 10:55,CEST,626,573,39,14
2022-06-02 23:49,2022-06-03 06:36,CEST,407,393,12,2
2022-06-01 23:13,2022-06-02 05:02,CEST,349,343,6,0
2022-05-31 23:00,2022-06-01 06:54,CEST,475,453,21,1
2022-05-30 22:50,2022-05-31 06:27,CEST,458,443,12,3
2022-05-29 23:09,2022-05-30 06:55,CEST,465,442,24,0
2022-05-29 01:00,2022-05-29 08:01,CEST,422,411,11,0
2022-05-28 05:04,2022-05-28 07:30,CEST,145,142,3,0
2022-05-27 00:39,2022-05-27 10:00,CEST,561,537,21,3
2022-05-26 00:04,2022-05-26 08:08,CEST,484,466,16,2
2022-05-24 22:50,2022-05-25 06:41,CEST,471,454,14,3
2022-05-23 23:29,2022-05-24 06:15,CEST,406,394,11,1
2022-05-22 23:02,2022-05-23 06:41,CEST,458,438,18,2
2022-05-21 23:30,2022-05-22 07:57,CEST,507,494,13,0
2022-05-19 23:00,2022-05-20 06:41,CEST,462,444,16,2
2022-05-18 23:11,2022-05-19 06:54,CEST,463,446,16,0
2022-05-17 23:09,2022-05-18 06:54,CEST,465,449,13,2
2022-05-16 23:37,2022-05-17 06:45,CEST,427,418,10,0
2022-05-15 23:28,2022-05-16 06:48,CEST,441,423,18,0
2022-05-15 00:00,2022-05-15 08:07,CEST,487,468,17,3
2022-05-14 00:00,2022-05-14 07:49,CEST,470,456,14,0
2022-05-13 00:00,2022-05-13 07:04,CEST,425,412,12,0
2022-05-11 23:30,2022-05-12 06:01,CEST,391,381,10,0
2022-05-09 23:30,2022-05-10 06:23,CEST,414,397,17,0
2022-05-09 00:00,2022-05-09 06:39,CEST,399,388,11,0
2022-05-07 23:00,2022-05-08 08:30,CEST,570,546,22,3
2022-05-06 23:32,2022-05-07 08:32,CEST,540,506,27,7
2022-05-05 00:00,2022-05-05 07:02,CEST,422,405,17,0
2022-05-03 23:14,2022-05-04 06:32,CEST,438,419,14,4
2022-05-03 00:39,2022-05-03 06:00,CEST,320,311,10,0
2022-05-01 23:13,2022-05-02 06:52,CEST,459,445,11,3
2022-04-30 23:00,2022-05-01 06:16,CEST,436,423,14,0
2022-04-28 23:00,2022-04-29 06:12,CEST,432,418,15,0
2022-04-27 23:49,2022-04-28 06:28,CEST,400,383,16,1
2022-04-26 23:13,2022-04-27 06:32,CEST,439,427,10,1
2022-04-26 00:00,2022-04-26 06:00,CEST,360,348,12,0
2022-04-24 23:13,2022-04-25 06:13,CEST,420,410,10,0
2022-04-24 00:57,2022-04-24 07:06,CEST,370,353,17,0
2022-04-23 00:04,2022-04-23 07:29,CEST,446,434,12,0
2022-04-22 01:24,2022-04-22 05:30,CEST,246,240,6,0
2022-04-20 23:29,2022-04-21 06:30,CEST,421,404,12,5
2022-04-19 23:03,2022-04-20 06:27,CEST,444,428,15,2
2022-04-18 23:00,2022-04-19 06:26,CEST,447,429,17,0
2022-04-18 00:50,2022-04-18 08:23,CEST,453,436,15,2
2022-04-17 01:22,2022-04-17 07:46,CEST,385,378,6,0
2022-04-16 00:58,2022-04-16 07:13,CEST,375,365,10,0
2022-04-14 23:09,2022-04-15 07:42,CEST,513,492,20,1
2022-04-13 23:00,2022-04-14 07:29,CEST,510,486,22,1
2022-04-12 23:41,2022-04-13 08:18,CEST,517,499,18,0
2022-04-11 23:05,2022-04-12 07:10,CEST,485,465,18,2
2022-04-10 23:43,2022-04-11 08:56,CEST,553,520,33,0
2022-04-10 00:46,2022-04-10 08:37,CEST,470,439,27,5
2022-04-08 23:30,2022-04-09 07:40,CEST,491,470,15,6
2022-04-07 21:09,2022-04-08 06:30,CEST,561,522,35,5
2022-04-06 23:20,2022-04-07 07:00,CEST,460,439,20,1
2022-04-05 22:13,2022-04-06 06:40,CEST,507,492,15,0
2022-04-05 00:53,2022-04-05 06:38,CEST,345,335,7,3
2022-04-03 23:00,2022-04-04 06:54,CEST,475,452,15,8
2022-04-03 00:30,2022-04-03 07:27,CEST,418,404,12,2
2022-04-01 22:40,2022-04-02 09:22,CEST,642,552,66,24
2022-03-31 22:30,2022-04-01 06:49,CEST,500,471,29,0
2022-03-30 21:30,2022-03-31 06:30,CEST,540,519,21,0
2022-03-29 23:52,2022-03-30 06:17,CEST,385,377,8,0
2022-03-28 23:07,2022-03-29 06:30,CEST,443,428,13,3
2022-03-27 22:30,2022-03-28 06:29,CEST,479,457,22,0
2022-03-26 22:36,2022-03-27 09:04,CEST,568,547,16,5
2022-03-25 23:11,2022-03-26 08:30,CEST,558,532,24,2
2022-03-24 23:00,2022-03-25 06:07,CEST,427,410,14,3
2022-03-23 23:00,2022-03-24 06:45,CEST,464,443,20,0
2022-03-22 23:00,2022-03-23 06:21,CEST,441,423,11,7
2022-03-21 23:00,2022-03-22 06:17,CEST,437,417,18,2
2022-03-20 23:00,2022-03-21 06:37,CEST,458,437,19,2
2022-03-19 22:30,2022-03-20 08:58,CEST,629,587,29,13
2022-03-18 22:53,2022-03-19 08:50,CEST,597,551,26,19
2022-03-17 23:00,2022-03-18 06:45,CEST,466,440,16,11
2022-03-16 22:53,2022-03-17 06:26,CEST,452,438,14,0
2022-03-15 23:03,2022-03-16 06:30,CEST,447,414,23,9
2022-03-14 22:00,2022-03-15 06:22,CEST,503,488,15,0
2022-03-13 22:06,2022-03-14 06:44,CEST,518,498,18,1
2022-03-12 23:57,2022-03-13 07:13,CEST,437,424,13,0
2022-03-11 22:30,2022-03-12 07:58,CEST,568,547,19,2
2022-03-10 22:01,2022-03-11 06:28,CEST,507,488,17,2
2022-03-09 23:00,2022-03-10 06:33,CEST,454,436,16,2
2022-03-08 21:32,2022-03-09 06:33,CEST,541,513,21,8
2022-03-08 00:00,2022-03-08 06:20,CEST,380,367,13,0
2022-03-07 00:34,2022-03-07 05:48,CEST,314,306,8,0
2022-03-05 23:32,2022-03-06 07:55,CEST,503,486,16,1
2022-03-04 23:16,2022-03-05 08:03,CEST,527,504,20,2
2022-03-03 22:30,2022-03-04 06:28,CEST,478,452,17,10
2022-03-02 22:30,2022-03-03 06:38,CEST,488,462,19,8
2022-03-01 23:32,2022-03-02 07:03,CEST,451,423,23,5
2022-02-28 22:30,2022-03-01 06:14,CEST,464,433,24,7
2022-02-27 23:03,2022-02-28 07:00,CEST,476,437,22,18
2022-02-26 23:00,2022-02-27 09:17,CEST,617,566,48,4
2022-02-26 00:17,2022-02-26 09:01,CEST,523,492,29,3
2022-02-24 21:59,2022-02-25 06:34,CEST,515,492,23,0
2022-02-23 23:24,2022-02-24 06:07,CEST,403,380,23,0
2022-02-23 01:00,2022-02-23 07:07,CEST,367,353,15,0
2022-02-22 00:14,2022-02-22 06:29,CEST,375,350,15,10
2022-02-20 23:37,2022-02-21 06:30,CEST,413,403,8,2
2022-02-20 02:00,2022-02-20 08:09,CEST,370,350,14,6
2022-02-19 00:51,2022-02-19 08:50,CEST,479,464,15,0
2022-02-17 23:03,2022-02-18 06:58,CEST,475,460,13,2
2022-02-16 22:30,2022-02-17 06:33,CEST,483,464,19,0
2022-02-16 00:00,2022-02-16 06:49,CEST,409,392,14,2
2022-02-15 00:30,2022-02-15 06:49,CEST,380,358,20,2
2022-02-13 23:03,2022-02-14 07:04,CEST,481,464,16,0
2022-02-13 00:00,2022-02-13 08:28,CEST,508,485,23,0
2022-02-11 22:00,2022-02-12 07:48,CEST,589,570,16,2
2022-02-10 23:30,2022-02-11 06:43,CEST,434,416,14,3
2022-02-08 22:38,2022-02-09 06:18,CEST,459,445,13,1
2022-02-08 00:07,2022-02-08 06:06,CEST,359,348,11,0
2022-02-07 00:07,2022-02-07 06:33,CEST,386,367,17,2
2022-02-05 23:35,2022-02-06 08:02,CEST,507,492,14,2
2022-02-03 23:24,2022-02-04 06:30,CEST,425,414,11,0
2022-02-02 22:30,2022-02-03 06:45,CEST,495,476,19,1
2022-02-01 22:00,2022-02-02 06:39,CEST,520,496,22,1
2022-01-31 23:03,2022-02-01 05:51,CEST,408,397,11,0
2022-01-29 23:53,2022-01-30 08:44,CEST,531,514,15,3
2022-01-29 00:37,2022-01-29 08:02,CEST,445,432,13,0
2022-01-27 23:24,2022-01-28 06:52,CEST,449,435,14,0
2022-01-27 00:30,2022-01-27 06:38,CEST,368,355,10,3
2022-01-25 22:56,2022-01-26 06:15,CEST,439,423,13,3
2022-01-25 00:00,2022-01-25 06:49,CEST,408,393,15,0
2022-01-23 23:42,2022-01-24 06:51,CEST,429,406,11,11
2022-01-22 23:32,2022-01-23 08:10,CEST,518,498,18,2
2022-01-21 23:27,2022-01-22 09:42,CEST,615,584,26,5
2022-01-20 22:44,2022-01-21 06:15,CEST,450,439,12,0
2022-01-19 23:30,2022-01-20 06:28,CEST,418,405,13,0
2022-01-18 23:25,2022-01-19 07:01,CEST,456,441,12,3
2022-01-17 22:30,2022-01-18 05:41,CEST,431,417,14,0
2022-01-16 23:32,2022-01-17 06:49,CEST,437,421,15,1
2022-01-15 22:30,2022-01-16 09:11,CEST,641,612,26,4
2022-01-15 00:27,2022-01-15 08:48,CEST,501,487,12,2
2022-01-13 21:00,2022-01-14 06:27,CEST,568,543,19,6
2022-01-12 23:40,2022-01-13 06:53,CEST,433,415,15,2
2022-01-11 20:59,2022-01-12 06:53,CEST,594,576,16,3
2022-01-10 23:48,2022-01-11 06:57,CEST,429,414,15,0
2022-01-09 23:28,2022-01-10 06:55,CEST,447,426,15,6
2022-01-09 01:00,2022-01-09 10:34,CEST,574,542,23,9
2022-01-07 23:00,2022-01-08 08:30,CEST,570,541,23,6
2022-01-06 22:34,2022-01-07 06:30,CEST,476,460,16,0
2022-01-05 23:00,2022-01-06 06:41,CEST,462,433,29,0
2022-01-03 23:00,2022-01-04 06:37,CEST,457,433,22,2
2022-01-02 22:17,2022-01-03 09:54,CEST,697,671,25,1
2022-01-01 12:30,2022-01-01 14:35,CEST,125,119,6,0
2021-12-30 04:42,2021-12-30 13:02,GMT-4,500,481,16,3
2021-12-29 09:00,2021-12-29 13:04,GMT-4,245,233,12,0
2021-12-28 04:39,2021-12-28 12:54,GMT-4,495,470,21,3
2021-12-27 10:30,2021-12-27 13:25,GMT-4,176,159,17,0
2021-12-26 04:37,2021-12-26 13:51,GMT-4,553,531,22,0
2021-12-25 09:00,2021-12-25 13:07,GMT-4,247,227,20,0
2021-12-24 03:20,2021-12-24 13:43,GMT-4,623,586,31,6
2021-12-23 05:00,2021-12-23 11:28,GMT-4,388,373,15,0
2021-12-22 04:23,2021-12-22 11:51,GMT-4,448,423,25,0
2021-12-21 09:38,2021-12-21 12:39,GMT-4,182,175,7,0
2021-12-20 09:27,2021-12-20 12:01,GMT-4,153,145,9,0
2021-12-18 23:30,2021-12-19 02:35,GMT-4,185,179,6,0
2021-12-18 00:30,2021-12-18 07:57,GMT-4,447,436,11,0
2021-12-17 00:38,2021-12-17 06:00,GMT-4,322,316,6,0
2021-12-15 22:51,2021-12-16 06:50,GMT-4,479,459,19,0
2021-12-14 23:27,2021-12-15 06:35,GMT-4,428,417,10,0
2021-12-14 00:33,2021-12-14 06:44,GMT-4,370,359,12,0
2021-12-13 00:00,2021-12-13 07:00,CEST,419,371,27,22
2021-12-12 00:49,2021-12-12 08:32,CEST,463,456,6,1
2021-12-09 22:30,2021-12-10 03:21,CEST,291,287,4,0
2021-12-09 00:01,2021-12-09 07:00,CEST,418,403,16,0
2021-12-07 23:22,2021-12-08 06:00,CEST,397,386,12,0
2021-12-06 22:31,2021-12-07 06:16,CEST,465,437,28,0
2021-12-05 23:31,2021-12-06 06:28,CEST,418,381,36,0
2021-12-04 23:30,2021-12-05 09:12,CEST,582,557,23,2
2021-12-03 22:30,2021-12-04 09:40,CEST,671,641,27,3
2021-12-02 23:00,2021-12-03 05:43,CEST,403,378,18,7
2021-12-02 00:10,2021-12-02 06:45,CEST,395,381,14,0
2021-12-01 00:57,2021-12-01 06:00,CEST,303,282,20,0
2021-11-29 23:15,2021-11-30 06:35,CEST,439,404,35,0
2021-11-28 23:20,2021-11-29 06:40,CEST,440,411,29,0
2021-11-27 23:42,2021-11-28 07:47,CEST,485,453,32,0
2021-11-26 23:30,2021-11-27 08:03,CEST,514,474,40,0
2021-11-25 22:30,2021-11-26 06:08,CEST,458,437,21,0
2021-11-24 23:12,2021-11-25 06:03,CEST,412,391,21,0
2021-11-24 00:10,2021-11-24 06:51,CEST,401,376,25,0
2021-11-22 23:00,2021-11-23 05:56,CEST,417,395,22,0
2021-11-21 23:30,2021-11-22 06:19,CEST,409,402,4,3
2021-11-20 23:00,2021-11-21 07:34,CEST,514,495,18,0
2021-11-19 23:30,2021-11-20 09:11,CEST,582,543,36,3
2021-11-18 22:02,2021-11-19 06:30,CEST,508,475,33,0
2021-11-17 22:39,2021-11-18 05:36,CEST,418,407,11,0
2021-11-16 23:37,2021-11-17 06:48,CEST,432,393,30,9
2021-11-15 21:37,2021-11-16 06:18,CEST,521,468,43,11
2021-11-14 22:14,2021-11-15 06:18,CEST,483,472,11,0
2021-11-13 21:30,2021-11-14 08:14,CEST,645,603,42,0
2021-11-12 23:30,2021-11-13 07:21,CEST,471,428,42,2
2021-11-11 22:31,2021-11-12 06:30,CEST,479,470,10,0
2021-11-10 22:43,2021-11-11 06:07,CEST,444,433,11,0
2021-11-10 00:32,2021-11-10 06:24,CEST,352,343,10,0
2021-11-09 00:18,2021-11-09 06:43,CEST,385,363,22,0
2021-11-07 22:00,2021-11-08 06:25,CEST,506,486,14,5
2021-11-06 22:30,2021-11-07 07:13,CEST,524,502,22,0
2021-11-05 22:39,2021-11-06 09:05,CEST,626,585,28,13
2021-11-04 23:45,2021-11-05 06:14,CEST,389,385,4,0
2021-11-03 23:30,2021-11-04 06:09,CEST,400,389,11,0
2021-11-02 23:30,2021-11-03 06:03,CEST,393,378,15,0
2021-11-02 00:10,2021-11-02 05:50,CEST,340,338,2,0
2021-10-31 23:00,2021-11-01 06:03,CEST,424,412,11,0
2021-10-30 23:52,2021-10-31 06:54,CEST,482,476,6,0
2021-10-28 23:00,2021-10-29 06:07,CEST,427,401,26,0
2021-10-27 23:05,2021-10-28 05:45,CEST,400,397,3,0
2021-10-27 01:00,2021-10-27 06:10,CEST,310,294,17,0
2021-10-26 00:20,2021-10-26 05:46,CEST,326,309,17,0
2021-10-24 23:53,2021-10-25 06:30,CEST,396,378,14,4
2021-10-23 22:42,2021-10-24 08:26,CEST,584,565,19,0
2021-10-23 02:00,2021-10-23 09:30,CEST,450,431,19,0
2021-10-21 23:02,2021-10-22 09:11,CEST,609,546,55,8
2021-10-21 00:03,2021-10-21 06:40,CEST,397,377,18,1
2021-10-20 02:22,2021-10-20 08:30,CEST,368,322,44,2
2021-10-19 02:39,2021-10-19 08:43,CEST,364,356,7,0
2021-10-17 23:15,2021-10-18 07:47,CEST,512,485,24,3
2021-10-16 22:12,2021-10-17 08:49,CEST,637,602,33,2
2021-10-16 01:00,2021-10-16 08:14,CEST,435,416,19,0
2021-10-14 22:11,2021-10-15 06:02,CEST,471,464,7,0
2021-10-13 23:31,2021-10-14 05:58,CEST,387,382,4,2
2021-10-12 23:35,2021-10-13 05:48,CEST,373,369,4,0
2021-10-11 23:52,2021-10-12 05:59,CEST,367,349,18,0
2021-10-10 23:09,2021-10-11 06:19,CEST,430,412,17,0
2021-10-08 00:02,2021-10-08 06:00,CEST,358,353,2,2
2021-10-06 23:05,2021-10-07 05:53,CEST,408,401,6,0
2021-10-06 00:00,2021-10-06 05:50,CEST,351,337,13,0
2021-10-04 23:30,2021-10-05 05:45,CEST,376,361,14,0
2021-10-03 22:31,2021-10-04 06:15,CEST,463,454,8,2
2021-10-02 23:22,2021-10-03 09:00,CEST,578,543,28,6
2021-10-01 23:11,2021-10-02 07:42,CEST,511,497,11,3
2021-09-30 22:53,2021-10-01 06:30,CEST,458,439,16,2
2021-09-29 23:19,2021-09-30 06:11,CEST,412,396,6,9
2021-09-28 23:00,2021-09-29 06:16,CEST,436,420,16,0
2021-09-27 23:02,2021-09-28 06:03,CEST,421,401,20,0
2021-09-26 22:36,2021-09-27 06:14,CEST,458,429,29,0
2021-09-25 00:30,2021-09-25 07:57,CEST,447,428,16,2
2021-09-24 00:00,2021-09-24 06:00,CEST,360,346,14,0
2021-09-23 00:24,2021-09-23 06:09,CEST,345,334,8,3
2021-09-21 23:53,2021-09-22 06:18,CEST,385,376,9,0
2021-09-20 23:40,2021-09-21 06:10,CEST,389,378,9,2
2021-09-19 23:41,2021-09-20 05:57,CEST,376,364,9,3
2021-09-18 23:31,2021-09-19 08:21,CEST,530,508,20,2
2021-09-18 00:00,2021-09-18 07:51,CEST,471,452,17,2
2021-09-16 22:30,2021-09-17 06:19,CEST,469,443,22,5
2021-09-15 23:32,2021-09-16 06:00,CEST,387,375,11,1
2021-09-14 23:00,2021-09-15 05:36,CEST,396,383,13,0
2021-09-12 23:00,2021-09-13 02:45,CEST,226,216,10,0
2021-09-11 22:30,2021-09-12 06:56,CEST,506,492,14,0
2021-09-10 22:41,2021-09-11 06:44,CEST,483,467,14,2
2021-09-09 22:34,2021-09-10 06:09,CEST,454,435,20,0
2021-09-08 23:42,2021-09-09 05:42,CEST,360,354,6,0
2021-09-07 22:33,2021-09-08 06:05,CEST,452,440,11,0
2021-09-06 23:02,2021-09-07 06:00,CEST,418,396,14,8
2021-09-05 23:30,2021-09-06 06:15,CEST,405,389,16,0
2021-09-04 22:38,2021-09-05 07:50,CEST,552,530,22,0
2021-09-02 22:27,2021-09-03 06:06,CEST,460,446,11,3
2021-09-01 23:55,2021-09-02 06:28,CEST,393,382,11,0
2021-09-01 00:02,2021-09-01 06:20,CEST,378,363,14,0
2021-08-31 00:31,2021-08-31 06:28,CEST,357,345,12,0
2021-08-28 23:54,2021-08-29 06:09,CEST,375,367,8,0
2021-08-28 03:56,2021-08-28 08:26,CEST,270,262,8,0
2021-08-26 22:36,2021-08-27 06:23,CEST,467,447,20,0
2021-08-26 01:30,2021-08-26 06:41,CEST,311,295,14,2
2021-08-24 21:41,2021-08-25 06:18,CEST,517,498,17,3
2021-08-24 00:00,2021-08-24 05:32,CEST,332,321,11,0
2021-08-22 22:02,2021-08-23 06:18,CEST,496,479,16,2
2021-08-21 22:05,2021-08-22 09:00,CEST,655,621,22,12
2021-08-21 00:50,2021-08-21 08:06,CEST,437,423,13,0
2021-08-18 22:00,2021-08-19 06:17,CEST,498,482,16,0
2021-08-17 22:58,2021-08-18 06:47,CEST,469,442,13,14
2021-08-16 23:52,2021-08-17 06:39,CEST,407,390,17,0
2021-08-15 23:28,2021-08-16 06:19,CEST,411,402,9,0
2021-08-15 00:01,2021-08-15 08:09,CEST,489,473,12,3
2021-08-14 00:30,2021-08-14 07:26,CEST,416,404,12,0
2021-08-12 23:00,2021-08-13 06:28,CEST,448,432,16,0
2021-08-11 22:34,2021-08-12 06:19,CEST,465,448,14,2
2021-08-10 22:57,2021-08-11 06:13,CEST,437,426,11,0
2021-08-09 23:00,2021-08-10 06:28,CEST,448,433,15,0
2021-08-09 00:28,2021-08-09 07:20,CEST,412,395,17,0
2021-08-07 23:21,2021-08-08 08:08,CEST,527,500,23,3
2021-08-06 23:53,2021-08-07 07:20,CEST,447,432,15,0
2021-08-05 23:49,2021-08-06 07:05,CEST,436,420,13,3
2021-08-04 22:13,2021-08-05 07:13,CEST,540,522,16,2
2021-08-04 01:18,2021-08-04 07:08,CEST,350,339,11,0
2021-08-02 23:23,2021-08-03 07:05,CEST,463,443,13,6
2021-07-23 00:11,2021-07-23 05:00,CEST,288,279,9,0
2021-07-21 23:30,2021-07-22 06:21,CEST,411,396,13,2
2021-07-20 23:30,2021-07-21 07:40,CEST,490,474,16,0
2021-07-20 00:14,2021-07-20 08:49,CEST,515,496,19,0
2021-07-19 00:44,2021-07-19 08:43,CEST,479,457,22,0
2021-07-18 01:07,2021-07-18 06:50,CEST,343,331,11,0
2021-07-17 00:03,2021-07-17 09:22,CEST,559,535,24,0
2021-07-15 23:41,2021-07-16 06:48,CEST,426,408,18,0
2021-07-15 00:45,2021-07-15 07:59,CEST,433,414,13,7
2021-07-13 23:33,2021-07-14 08:11,CEST,518,503,15,0
2021-07-12 00:53,2021-07-12 06:29,CEST,335,328,7,0
2021-07-10 23:23,2021-07-11 08:40,CEST,557,535,15,7
2021-07-10 06:02,2021-07-10 09:45,CEST,223,209,10,4
2021-07-08 23:00,2021-07-09 07:23,CEST,504,486,18,0
2021-07-08 00:35,2021-07-08 07:23,CEST,409,396,12,0
2021-07-07 00:18,2021-07-07 07:09,CEST,411,402,10,0
2021-07-06 00:15,2021-07-06 07:03,CEST,408,400,8,0
2021-07-05 00:00,2021-07-05 07:17,CEST,438,420,18,0
2021-07-03 06:00,2021-07-03 09:00,CEST,180,169,11,0
2021-07-01 22:35,2021-07-02 07:17,CEST,523,504,17,2
2021-07-01 00:25,2021-07-01 05:55,CEST,331,322,8,0
2021-06-27 22:00,2021-06-28 06:10,CEST,490,459,19,12
2021-06-26 21:56,2021-06-27 08:00,CEST,604,579,22,3
2021-06-25 23:00,2021-06-26 08:57,CEST,597,570,26,2
2021-06-24 23:06,2021-06-25 06:00,CEST,415,400,14,0
2021-06-23 23:22,2021-06-24 06:28,CEST,426,415,11,0
2021-06-22 23:39,2021-06-23 06:24,CEST,405,392,11,2
2021-06-21 23:00,2021-06-22 06:28,CEST,448,427,17,4
2021-06-20 23:30,2021-06-21 06:27,CEST,418,404,11,2
2021-06-20 00:29,2021-06-20 08:42,CEST,492,479,12,2
2021-06-18 23:29,2021-06-19 07:41,CEST,492,466,17,8
2021-06-17 23:30,2021-06-18 06:15,CEST,405,395,10,0
2021-06-17 00:01,2021-06-17 06:28,CEST,387,372,12,2
2021-06-15 23:13,2021-06-16 06:30,CEST,437,427,8,2
2021-06-15 00:32,2021-06-15 06:05,CEST,334,326,8,0
2021-06-13 22:42,2021-06-14 06:39,CEST,477,454,20,3
2021-06-13 00:35,2021-06-13 07:12,CEST,397,386,11,0
2021-06-11 23:27,2021-06-12 07:11,CEST,464,445,17,2
2021-06-10 22:15,2021-06-11 06:19,CEST,483,470,13,0
2021-06-09 22:34,2021-06-10 06:15,CEST,461,451,10,0
2021-06-09 00:00,2021-06-09 06:16,CEST,376,363,13,0
2021-06-07 23:00,2021-06-08 06:15,CEST,435,413,14,8
2021-06-06 22:42,2021-06-07 06:34,CEST,473,456,17,0
2021-06-06 01:05,2021-06-06 07:11,CEST,366,349,15,3
2021-06-04 23:24,2021-06-05 07:51,CEST,507,494,13,0
2021-06-04 00:02,2021-06-04 06:06,CEST,364,355,9,0
2021-06-02 22:57,2021-06-03 06:24,CEST,447,433,11,2
2021-06-01 23:34,2021-06-02 06:10,CEST,395,390,5,0
2021-05-31 23:15,2021-06-01 06:24,CEST,430,417,13,0
2021-05-30 23:11,2021-05-31 06:06,CEST,414,405,9,0
2021-05-30 00:04,2021-05-30 09:10,CEST,546,530,14,2
2021-05-29 00:24,2021-05-29 08:14,CEST,471,454,16,0
2021-05-28 00:05,2021-05-28 06:24,CEST,379,371,8,0
2021-05-27 00:50,2021-05-27 06:15,CEST,324,318,7,0
2021-05-25 23:30,2021-05-26 06:17,CEST,408,397,11,0
2021-05-24 22:48,2021-05-25 06:22,CEST,454,437,14,3
2021-05-24 01:17,2021-05-24 06:43,CEST,326,317,9,0
2021-05-23 00:29,2021-05-23 07:07,CEST,398,387,11,0
2021-05-21 23:31,2021-05-22 08:58,CEST,568,545,18,5
2021-05-20 23:44,2021-05-21 05:56,CEST,372,365,7,0
2021-05-19 22:50,2021-05-20 06:37,CEST,467,459,8,0
2021-05-19 00:20,2021-05-19 06:01,CEST,341,332,9,0
2021-05-17 23:00,2021-05-18 06:06,CEST,426,413,10,3
2021-05-16 22:44,2021-05-17 06:17,CEST,452,439,13,0
2021-05-15 22:53,2021-05-16 07:34,CEST,521,501,18,2
2021-05-14 23:36,2021-05-15 07:03,CEST,447,424,16,7
2021-05-13 20:32,2021-05-14 07:37,CEST,665,606,51,8
2021-05-12 23:29,2021-05-13 07:19,CEST,471,455,15,0
2021-05-12 01:40,2021-05-12 06:39,CEST,299,291,8,0
2021-05-10 23:00,2021-05-11 06:25,CEST,445,434,11,0
2021-05-09 23:00,2021-05-10 06:28,CEST,448,434,13,0
2021-05-09 01:19,2021-05-09 08:19,CEST,420,409,12,0
2021-05-07 23:01,2021-05-08 08:55,CEST,594,568,25,0
2021-05-06 22:00,2021-05-07 06:38,CEST,518,502,16,0
2021-05-06 04:30,2021-05-06 06:44,CEST,135,129,6,0
2021-05-05 00:31,2021-05-05 06:16,CEST,345,339,6,0
2021-05-03 22:23,2021-05-04 06:54,CEST,511,495,16,0
2021-05-03 00:26,2021-05-03 06:13,CEST,346,339,8,0
2021-04-29 00:10,2021-04-29 06:34,CEST,384,374,7,4
2021-04-28 00:02,2021-04-28 06:35,CEST,392,381,9,2
2021-04-26 00:16,2021-04-26 06:48,CEST,393,366,20,7
2021-04-24 22:46,2021-04-25 08:06,CEST,560,514,28,18
2021-04-23 22:45,2021-04-24 06:36,CEST,471,453,18,0
2021-04-22 22:32,2021-04-23 06:24,CEST,473,455,18,0
2021-04-21 22:36,2021-04-22 05:33,CEST,417,408,9,0
2021-04-20 22:31,2021-04-21 06:12,CEST,461,447,13,0
2021-04-20 01:53,2021-04-20 06:48,CEST,294,281,13,0
2021-04-18 23:07,2021-04-19 06:47,CEST,459,447,11,2
2021-04-17 23:14,2021-04-18 06:17,CEST,423,409,12,2
2021-04-16 23:55,2021-04-17 07:42,CEST,467,450,15,2
2021-04-16 00:24,2021-04-16 06:27,CEST,363,353,10,0
2021-04-14 22:52,2021-04-15 05:15,CEST,383,376,6,0
2021-04-14 01:26,2021-04-14 06:39,CEST,313,305,9,0
2021-04-13 00:11,2021-04-13 06:30,CEST,378,366,13,0
2021-04-11 23:01,2021-04-12 06:45,CEST,464,452,12,0
2021-04-11 01:55,2021-04-11 07:22,CEST,327,311,10,5
2021-04-09 23:12,2021-04-10 08:23,CEST,551,529,18,3
2021-04-08 23:43,2021-04-09 06:48,CEST,425,410,13,2
2021-04-08 00:03,2021-04-08 07:01,CEST,418,403,15,0
2021-04-06 23:07,2021-04-07 06:20,CEST,433,425,8,0
2021-04-05 22:20,2021-04-06 06:53,CEST,513,494,18,2
2021-04-04 23:42,2021-04-05 06:48,CEST,426,411,15,0
2021-04-04 01:03,2021-04-04 08:21,CEST,438,426,12,0
2021-04-03 01:04,2021-04-03 08:16,CEST,432,418,15,0
2021-04-02 00:26,2021-04-02 09:17,CEST,531,515,14,2
2021-04-01 00:30,2021-04-01 07:58,CEST,448,433,11,5
2021-03-30 23:44,2021-03-31 06:45,CEST,420,412,8,0
2021-03-29 23:41,2021-03-30 07:30,CEST,468,448,19,1
2021-03-29 01:06,2021-03-29 07:03,CEST,357,349,8,0
2021-03-28 01:16,2021-03-28 09:07,CEST,411,397,13,2
2021-03-26 22:45,2021-03-27 08:21,CEST,576,555,20,1
2021-03-25 23:00,2021-03-26 06:05,CEST,424,415,9,0
2021-03-24 23:41,2021-03-25 06:00,CEST,379,368,11,0
2021-03-23 22:39,2021-03-24 06:43,CEST,485,469,16,0
2021-03-23 00:12,2021-03-23 06:17,CEST,365,355,10,0
2021-03-21 22:50,2021-03-22 06:13,CEST,443,428,13,3
2021-03-20 22:41,2021-03-21 07:44,CEST,544,518,22,4
2021-03-19 22:57,2021-03-20 07:16,CEST,498,488,10,0
2021-03-18 22:48,2021-03-19 06:10,CEST,442,426,16,0
2021-03-17 22:35,2021-03-18 06:38,CEST,483,466,17,0
2021-03-16 22:16,2021-03-17 06:16,CEST,480,469,11,0
2021-03-15 23:01,2021-03-16 06:45,CEST,464,452,12,0
2021-03-14 22:44,2021-03-15 06:48,CEST,484,463,18,3
2021-03-13 22:58,2021-03-14 07:42,CEST,524,509,12,2
2021-03-12 23:59,2021-03-13 07:14,CEST,434,411,13,10
2021-03-11 21:53,2021-03-12 06:44,CEST,531,512,16,3
2021-03-10 22:08,2021-03-11 06:25,CEST,497,469,25,3
2021-03-09 22:54,2021-03-10 06:27,CEST,453,441,11,0
2021-03-08 21:43,2021-03-09 06:38,CEST,535,516,17,3
2021-03-07 22:53,2021-03-08 06:34,CEST,461,449,12,0
2021-03-06 22:22,2021-03-07 06:12,CEST,470,455,15,0
2021-03-05 22:16,2021-03-06 07:07,CEST,531,510,19,2
2021-03-04 22:19,2021-03-05 06:50,CEST,511,488,19,4
2021-03-03 21:58,2021-03-04 06:21,CEST,503,487,16,0
2021-03-02 22:00,2021-03-03 04:30,CEST,389,381,8,0
2021-03-01 21:42,2021-03-02 06:46,CEST,544,526,18,0
2021-02-28 23:38,2021-03-01 06:10,CEST,392,382,10,0
2021-02-28 02:01,2021-02-28 07:20,CEST,319,312,7,0
2021-02-26 23:27,2021-02-27 07:15,CEST,468,459,9,0
2021-02-25 23:02,2021-02-26 06:39,CEST,457,437,16,3
2021-02-24 23:26,2021-02-25 06:39,CEST,433,416,15,2
2021-02-23 22:25,2021-02-24 06:45,CEST,499,479,17,4
2021-02-22 22:54,2021-02-23 07:03,CEST,489,476,13,1
2021-02-21 22:34,2021-02-22 06:38,CEST,484,469,13,2
2021-02-20 23:39,2021-02-21 07:37,CEST,478,463,15,0
2021-02-20 01:15,2021-02-20 07:26,CEST,371,359,12,0
2021-02-18 23:20,2021-02-19 07:35,CEST,495,482,13,0
2021-02-18 00:17,2021-02-18 07:03,CEST,406,400,6,0
2021-02-17 00:26,2021-02-17 08:03,CEST,457,443,14,0
2021-02-15 23:13,2021-02-16 07:40,CEST,507,487,17,3
2021-02-14 23:30,2021-02-15 06:49,CEST,438,422,17,0
2021-02-14 01:25,2021-02-14 07:10,CEST,345,333,12,0
2021-02-13 02:19,2021-02-13 08:55,CEST,396,380,16,0
2021-02-11 23:34,2021-02-12 06:39,CEST,425,409,14,2
2021-02-10 23:37,2021-02-11 06:38,CEST,420,410,11,0
2021-02-10 00:33,2021-02-10 06:30,CEST,356,348,9,0
2021-02-09 00:01,2021-02-09 06:49,CEST,408,391,17,0
2021-02-08 01:13,2021-02-08 06:26,CEST,314,303,11,0
2021-02-07 02:04,2021-02-07 08:32,CEST,389,380,9,0
2021-02-06 01:22,2021-02-06 08:39,CEST,438,427,10,0
2021-02-04 22:37,2021-02-05 06:28,CEST,471,456,14,1
2021-02-03 23:10,2021-02-04 06:46,CEST,457,437,19,0
2021-02-02 22:45,2021-02-03 07:05,CEST,501,487,14,0
2021-02-01 22:47,2021-02-02 06:53,CEST,486,471,15,0
2021-02-01 00:55,2021-02-01 07:00,CEST,364,351,11,2
2021-01-30 23:48,2021-01-31 07:25,CEST,458,446,12,0
2021-01-30 00:58,2021-01-30 08:59,CEST,481,469,9,3
2021-01-28 23:48,2021-01-29 07:21,CEST,453,442,8,3
2021-01-28 00:07,2021-01-28 06:57,CEST,410,401,10,0
2021-01-27 01:29,2021-01-27 07:15,CEST,346,339,7,0
2021-01-26 00:48,2021-01-26 07:00,CEST,371,363,9,0
2021-01-25 00:11,2021-01-25 06:44,CEST,394,383,11,0
2021-01-24 01:04,2021-01-24 08:23,CEST,439,426,13,0
2021-01-22 22:34,2021-01-23 06:50,CEST,496,470,25,0
2021-01-22 00:07,2021-01-22 06:50,CEST,403,387,13,3
2021-01-20 22:57,2021-01-21 06:53,CEST,476,466,10,0
2021-01-20 01:12,2021-01-20 06:59,CEST,347,340,7,0
2021-01-18 23:54,2021-01-19 07:05,CEST,431,422,9,0
2021-01-18 00:50,2021-01-18 06:30,CEST,339,331,6,2
2021-01-17 00:38,2021-01-17 08:55,CEST,497,483,15,0
2021-01-16 00:01,2021-01-16 09:03,CEST,542,524,18,0
2021-01-14 22:57,2021-01-15 06:35,CEST,458,447,11,0
2021-01-13 23:46,2021-01-14 07:43,CEST,477,454,20,3
2021-01-13 00:03,2021-01-13 06:30,CEST,387,379,8,0
2021-01-12 01:31,2021-01-12 06:38,CEST,306,297,9,0
2021-01-10 23:24,2021-01-11 06:50,CEST,446,428,15,3
2021-01-09 23:52,2021-01-10 09:45,CEST,593,576,15,3
2021-01-09 01:56,2021-01-09 09:30,CEST,454,443,11,0
2021-01-08 00:04,2021-01-08 06:33,CEST,389,374,13,3
2021-01-06 23:37,2021-01-07 06:30,CEST,412,402,11,0
2021-01-06 00:22,2021-01-06 07:27,CEST,425,416,9,0
2021-01-04 23:43,2021-01-05 06:19,CEST,396,387,8,0
2021-01-04 00:15,2021-01-04 06:24,CEST,369,360,9,0
2021-01-03 01:57,2021-01-03 08:42,CEST,404,385,14,5
2021-01-02 00:35,2021-01-02 08:26,CEST,471,453,14,4
2021-01-01 02:44,2021-01-01 08:39,CEST,356,349,7,0
2020-12-31 00:34,2020-12-31 09:49,CEST,555,542,13,0
2020-12-30 00:41,2020-12-30 09:30,CEST,530,509,14,6
2020-12-29 06:01,2020-12-29 08:53,CEST,172,168,4,0
2020-12-27 23:52,2020-12-28 08:49,CEST,537,521,16,0
2020-12-27 00:04,2020-12-27 07:05,CEST,421,408,11,2
2020-12-26 00:21,2020-12-26 09:11,CEST,531,507,14,10
2020-12-25 01:13,2020-12-25 09:32,CEST,500,484,16,0
2020-12-24 00:58,2020-12-24 09:52,CEST,533,514,17,2
2020-12-23 01:05,2020-12-23 08:21,CEST,436,423,11,2
2020-12-22 00:28,2020-12-22 09:04,CEST,516,494,16,6
2020-12-21 00:34,2020-12-21 08:48,CEST,494,474,20,0
2020-12-20 00:13,2020-12-20 08:33,CEST,501,484,16,0
2020-12-19 00:46,2020-12-19 07:30,CEST,404,393,10,0
2020-12-18 01:18,2020-12-18 06:24,CEST,306,301,5,0
2020-12-16 22:26,2020-12-17 06:35,CEST,489,476,12,0
2020-12-16 00:28,2020-12-16 06:30,CEST,362,352,10,0
2020-12-15 01:28,2020-12-15 06:39,CEST,310,299,11,0
2020-12-14 00:03,2020-12-14 06:35,CEST,392,379,11,2
2020-12-13 01:09,2020-12-13 08:41,CEST,452,441,12,0
2020-12-12 06:49,2020-12-12 09:49,CEST,181,173,8,0
2020-12-11 00:01,2020-12-11 06:29,CEST,388,377,11,0
2020-12-10 00:33,2020-12-10 06:06,CEST,333,324,8,0
2020-12-08 23:57,2020-12-09 06:24,CEST,387,376,11,0
2020-12-07 23:44,2020-12-08 06:23,CEST,399,385,13,0
2020-12-07 01:54,2020-12-07 06:15,CEST,261,256,5,0
2020-12-06 00:18,2020-12-06 07:00,CEST,402,389,10,3
2020-12-05 01:00,2020-12-05 09:21,CEST,501,485,15,2
2020-12-03 01:17,2020-12-03 06:06,CEST,288,284,4,0
2020-12-01 23:47,2020-12-02 06:02,CEST,375,367,9,0
2020-12-01 01:00,2020-12-01 06:10,CEST,310,299,11,0
2020-11-29 23:11,2020-11-30 06:43,CEST,452,434,16,2
2020-11-29 00:56,2020-11-29 08:14,CEST,437,428,9,0
2020-11-28 01:19,2020-11-28 09:01,CEST,462,448,12,2
2020-11-26 23:16,2020-11-27 06:11,CEST,415,402,12,0
2020-11-25 23:36,2020-11-26 06:15,CEST,399,385,13,0
2020-11-24 22:34,2020-11-25 06:06,CEST,452,441,11,0
2020-11-24 01:40,2020-11-24 06:24,CEST,284,273,11,0
2020-11-22 22:37,2020-11-23 06:16,CEST,459,443,15,0
2020-11-22 00:17,2020-11-22 07:59,CEST,462,452,10,0
2020-11-21 01:10,2020-11-21 07:36,CEST,386,376,10,0
2020-11-19 22:43,2020-11-20 05:58,CEST,435,424,11,0
2020-11-18 22:30,2020-11-19 06:27,CEST,477,464,13,0
2020-11-18 00:30,2020-11-18 04:00,CEST,210,207,3,0
2020-11-16 00:02,2020-11-16 03:00,CEST,177,166,5,6
2020-11-12 04:21,2020-11-12 06:08,CEST,107,104,3,0
2020-11-06 00:56,2020-11-06 06:15,CEST,319,312,7,0
2020-11-04 23:54,2020-11-05 06:06,CEST,371,357,12,2
2020-11-04 00:00,2020-11-04 06:06,CEST,366,350,16,0
2020-11-02 23:45,2020-11-03 06:06,CEST,381,370,10,0
2020-11-01 21:57,2020-11-02 05:47,CEST,470,452,18,0
2020-10-31 23:01,2020-11-01 06:19,CEST,439,424,14,0
2020-10-30 23:59,2020-10-31 08:16,CEST,496,480,15,2
2020-10-29 22:34,2020-10-30 06:10,CEST,456,444,10,2
2020-10-28 21:25,2020-10-29 06:10,CEST,525,495,24,5
2020-10-27 23:00,2020-10-28 06:10,CEST,430,410,19,0
2020-10-26 23:52,2020-10-27 06:10,CEST,378,366,12,0
2020-10-25 23:43,2020-10-26 06:10,CEST,386,371,13,2
2020-10-24 23:24,2020-10-25 07:23,CEST,539,492,43,4
2020-10-24 00:00,2020-10-24 08:04,CEST,484,464,17,3
2020-10-22 23:14,2020-10-23 06:29,CEST,435,424,9,2
2020-10-22 00:44,2020-10-22 06:26,CEST,342,333,9,0
2020-10-20 22:09,2020-10-21 05:58,CEST,469,443,15,12
2020-10-19 23:07,2020-10-20 06:42,CEST,455,437,16,2
2020-10-18 22:33,2020-10-19 06:35,CEST,482,461,19,2
2020-10-18 01:02,2020-10-18 07:42,CEST,401,386,13,2
2020-10-16 22:59,2020-10-17 08:30,CEST,571,550,21,0
2020-10-15 22:46,2020-10-16 08:12,CEST,566,544,22,0
2020-10-14 22:19,2020-10-15 08:00,CEST,582,566,15,0
2020-10-14 02:04,2020-10-14 06:07,CEST,243,238,5,0
2020-10-13 00:05,2020-10-13 06:06,CEST,361,355,6,0
2020-10-11 23:23,2020-10-12 06:47,CEST,444,430,12,2
2020-10-10 23:10,2020-10-11 07:52,CEST,522,499,21,2
2020-10-10 01:10,2020-10-10 08:22,CEST,432,416,16,0
2020-10-08 22:34,2020-10-09 06:10,CEST,456,443,12,0
2020-10-07 21:54,2020-10-08 07:30,CEST,576,526,44,7
2020-10-06 23:29,2020-10-07 05:34,CEST,365,357,8,0
2020-10-05 23:39,2020-10-06 06:19,CEST,400,388,11,0
2020-10-04 22:09,2020-10-05 06:07,CEST,478,462,14,2
2020-10-03 22:43,2020-10-04 06:52,CEST,489,474,13,2
2020-10-02 23:05,2020-10-03 06:14,CEST,428,418,10,0
2020-10-01 22:26,2020-10-02 06:07,CEST,461,447,14,1
2020-09-30 22:30,2020-10-01 06:23,CEST,473,459,12,2
2020-09-29 22:22,2020-09-30 06:10,CEST,468,456,12,0
2020-09-27 22:26,2020-09-28 06:19,CEST,473,461,10,2
2020-09-27 01:05,2020-09-27 07:32,CEST,387,374,12,1
2020-09-26 00:06,2020-09-26 07:35,CEST,449,434,13,2
2020-09-24 22:08,2020-09-25 05:16,CEST,428,420,7,0
2020-09-24 00:36,2020-09-24 05:53,CEST,318,306,12,0
2020-09-22 22:18,2020-09-23 06:21,CEST,484,457,23,3
2020-09-21 23:16,2020-09-22 06:20,CEST,423,392,26,5
2020-09-20 22:00,2020-09-21 06:14,CEST,495,477,18,0
2020-09-19 23:08,2020-09-20 06:36,CEST,448,434,11,3
2020-09-18 23:02,2020-09-19 08:04,CEST,542,515,24,3
2020-09-17 22:30,2020-09-18 05:51,CEST,442,427,12,3
2020-09-17 01:47,2020-09-17 04:51,CEST,184,181,3,0
2020-09-15 22:59,2020-09-16 05:22,CEST,383,368,13,2
2020-09-14 22:01,2020-09-15 05:13,CEST,432,408,22,2
2020-09-13 22:30,2020-09-14 05:05,CEST,395,387,8,0
2020-09-12 23:14,2020-09-13 06:33,CEST,439,422,16,0
2020-09-11 22:50,2020-09-12 07:25,CEST,515,494,17,4
2020-09-10 23:14,2020-09-11 05:54,CEST,400,387,12,0
2020-09-09 22:37,2020-09-10 06:15,CEST,457,443,14,0
2020-09-08 22:26,2020-09-09 06:14,CEST,468,454,11,3
2020-09-07 23:05,2020-09-08 06:42,CEST,457,432,23,3
2020-09-06 21:42,2020-09-07 06:45,CEST,543,519,21,3
2020-09-05 22:28,2020-09-06 07:45,CEST,557,531,23,3
2020-09-04 23:42,2020-09-05 08:43,CEST,541,514,24,3
2020-09-03 22:42,2020-09-04 06:07,CEST,444,431,13,0
2020-09-02 23:21,2020-09-03 05:55,CEST,394,384,10,0
2020-09-02 00:21,2020-09-02 06:38,CEST,377,363,8,6
2020-09-01 00:56,2020-09-01 06:22,CEST,326,319,7,0
2020-08-30 23:18,2020-08-31 06:12,CEST,413,398,12,2
2020-08-29 22:27,2020-08-30 07:29,CEST,542,520,13,9
2020-08-28 22:19,2020-08-29 08:00,CEST,581,553,19,9
2020-08-28 00:51,2020-08-28 06:30,CEST,338,328,11,0
2020-08-26 23:24,2020-08-27 06:08,CEST,405,396,9,0
2020-08-26 01:11,2020-08-26 06:35,CEST,325,314,10,0
2020-08-25 00:51,2020-08-25 06:36,CEST,346,339,7,0
2020-08-23 00:36,2020-08-23 07:36,CEST,420,411,9,0
2020-08-22 00:11,2020-08-22 07:55,CEST,463,451,12,0
2020-08-21 00:10,2020-08-21 06:04,CEST,354,345,9,0
2020-08-19 23:36,2020-08-20 06:28,CEST,412,404,8,0
2020-08-18 23:23,2020-08-19 06:42,CEST,439,419,20,0
2020-08-17 23:57,2020-08-18 06:45,CEST,408,393,12,3
2020-08-17 00:11,2020-08-17 06:51,CEST,400,385,12,3
2020-08-14 23:58,2020-08-15 09:00,CEST,543,523,16,4
2020-08-14 01:32,2020-08-14 06:39,CEST,307,299,8,0
2020-08-12 23:22,2020-08-13 06:29,CEST,427,411,15,2
2020-08-11 23:36,2020-08-12 06:25,CEST,408,399,9,0
2020-08-11 01:37,2020-08-11 05:46,CEST,249,240,9,0
2020-08-09 22:23,2020-08-10 07:17,CEST,534,514,18,3
2020-08-08 22:20,2020-08-09 06:15,CEST,475,466,9,0
2020-08-07 23:34,2020-08-08 07:13,CEST,459,448,11,0
2020-08-07 00:41,2020-08-07 07:00,CEST,379,368,11,0
2020-08-05 23:46,2020-08-06 06:36,CEST,410,399,12,0
2020-08-04 23:30,2020-08-05 06:00,CEST,390,369,19,2
2020-08-04 00:01,2020-08-04 06:05,CEST,363,348,13,2
2020-08-02 23:16,2020-08-03 07:57,CEST,521,497,19,5
2020-08-02 00:00,2020-08-02 10:00,CEST,601,546,43,12
2020-08-01 00:52,2020-08-01 08:35,CEST,462,443,19,0
2020-07-31 00:00,2020-07-31 08:58,CEST,538,521,17,0
2020-07-30 01:45,2020-07-30 09:05,CEST,440,422,15,3
2020-07-28 23:18,2020-07-29 08:19,CEST,541,526,14,0
2020-07-28 00:43,2020-07-28 08:21,CEST,458,437,17,3
2020-07-26 23:43,2020-07-27 08:25,CEST,522,503,18,0
2020-07-26 00:11,2020-07-26 07:22,CEST,430,419,11,0
2020-07-24 23:00,2020-07-25 06:23,CEST,443,431,12,0
2020-07-23 22:35,2020-07-24 06:53,CEST,499,485,14,0
2020-07-22 23:32,2020-07-23 08:42,CEST,550,522,28,0
2020-07-21 23:01,2020-07-22 07:34,CEST,513,487,26,0
2020-07-20 23:11,2020-07-21 06:35,CEST,445,432,11,1
2020-07-19 22:56,2020-07-20 07:39,CEST,524,497,24,2
2020-07-18 22:58,2020-07-19 08:29,CEST,570,549,20,2
2020-07-18 00:42,2020-07-18 06:40,CEST,358,349,9,0
2020-07-17 00:18,2020-07-17 07:21,CEST,423,414,9,0
2020-07-16 02:22,2020-07-16 09:04,CEST,403,390,13,0
2020-07-14 22:53,2020-07-15 08:01,CEST,548,530,18,0
2020-07-14 00:45,2020-07-14 08:21,CEST,456,444,12,0
2020-07-13 01:14,2020-07-13 08:06,CEST,412,401,11,0
2020-07-12 01:13,2020-07-12 09:05,CEST,473,454,19,0
2020-07-11 01:56,2020-07-11 09:19,CEST,443,427,15,1
2020-07-09 23:31,2020-07-10 07:40,CEST,489,475,14,0
2020-07-09 01:38,2020-07-09 07:40,CEST,362,349,11,2
2020-07-08 00:40,2020-07-08 06:52,CEST,373,365,7,0
2020-07-06 23:30,2020-07-07 08:19,CEST,529,507,19,3
2020-07-06 00:11,2020-07-06 06:25,CEST,374,361,13,0
2020-07-05 03:56,2020-07-05 08:34,CEST,277,267,9,2
2020-07-04 00:18,2020-07-04 08:34,CEST,496,481,15,0
2020-07-03 00:15,2020-07-03 08:16,CEST,481,464,18,0
2020-07-01 23:09,2020-07-02 07:23,CEST,494,467,22,5
2020-07-01 00:11,2020-07-01 05:58,CEST,347,338,9,0
2020-06-29 23:54,2020-06-30 08:17,CEST,502,482,20,0
2020-06-28 23:52,2020-06-29 08:05,CEST,493,472,20,1
2020-06-28 00:27,2020-06-28 06:09,CEST,342,330,12,0
2020-06-26 23:16,2020-06-27 07:49,CEST,513,490,20,3
2020-06-26 01:18,2020-06-26 06:13,CEST,295,283,9,2
2020-06-23 23:19,2020-06-24 06:10,CEST,411,400,11,0
2020-06-23 00:00,2020-06-23 06:08,CEST,369,355,14,0
2020-06-21 22:46,2020-06-22 06:14,CEST,448,438,10,0
2020-06-20 22:59,2020-06-21 07:30,CEST,510,501,7,2
2020-06-20 00:02,2020-06-20 08:30,CEST,508,461,42,5
2020-06-18 23:29,2020-06-19 06:09,CEST,401,381,14,6
2020-06-17 23:17,2020-06-18 06:12,CEST,415,390,22,3
2020-06-16 22:30,2020-06-17 06:15,CEST,465,460,2,3
2020-06-15 22:20,2020-06-16 06:14,CEST,473,444,26,3
2020-06-15 02:04,2020-06-15 06:18,CEST,254,251,3,0
2020-06-13 22:47,2020-06-14 07:00,CEST,493,484,7,2
2020-06-13 01:21,2020-06-13 09:55,CEST,513,498,14,2
2020-06-12 00:17,2020-06-12 06:16,CEST,359,335,15,9
2020-06-10 22:20,2020-06-11 06:17,CEST,478,466,9,3
2020-06-09 23:02,2020-06-10 06:10,CEST,428,406,20,2
2020-06-08 23:56,2020-06-09 06:13,CEST,378,371,7,0
2020-06-08 00:00,2020-06-08 05:24,CEST,325,312,12,0
2020-06-07 00:13,2020-06-07 07:36,CEST,443,435,8,0
2020-06-05 23:54,2020-06-06 07:00,CEST,425,404,15,7
2020-06-04 23:01,2020-06-05 06:21,CEST,440,427,11,2
2020-06-03 22:31,2020-06-04 06:20,CEST,469,449,18,3
2020-06-02 22:12,2020-06-03 06:10,CEST,478,463,12,3
2020-06-01 23:08,2020-06-02 06:10,CEST,422,413,7,2
2020-05-31 22:52,2020-06-01 06:46,CEST,474,469,5,0
2020-05-30 23:10,2020-05-31 08:10,CEST,539,447,85,7
2020-05-29 23:09,2020-05-30 08:47,CEST,578,566,11,0
2020-05-29 00:07,2020-05-29 05:15,CEST,308,292,17,0
2020-05-28 00:13,2020-05-28 06:17,CEST,364,360,4,0
2020-05-25 23:27,2020-05-26 06:07,CEST,400,382,18,0
2020-05-24 23:13,2020-05-25 06:30,CEST,437,420,14,3
2020-05-23 23:23,2020-05-24 08:11,CEST,529,481,36,12
2020-05-22 23:31,2020-05-23 07:26,CEST,475,452,17,7
2020-05-22 00:19,2020-05-22 06:58,CEST,399,375,23,2
2020-05-20 23:30,2020-05-21 07:06,CEST,456,447,9,0
2020-05-20 00:41,2020-05-20 06:04,CEST,323,316,6,0
2020-05-18 23:31,2020-05-19 06:00,CEST,389,380,9,0
2020-05-17 22:43,2020-05-18 06:15,CEST,452,438,12,3
2020-05-16 23:09,2020-05-17 07:38,CEST,509,493,16,0
2020-05-15 22:55,2020-05-16 07:10,CEST,496,479,16,0
2020-05-15 00:00,2020-05-15 06:24,CEST,385,370,11,4
2020-05-13 22:14,2020-05-14 06:24,CEST,490,473,15,2
2020-05-12 22:11,2020-05-13 06:20,CEST,489,474,15,0
2020-05-12 00:02,2020-05-12 06:00,CEST,357,350,8,0
2020-05-10 21:43,2020-05-11 06:30,CEST,527,496,25,6
2020-05-09 23:18,2020-05-10 07:27,CEST,489,472,17,0
2020-05-09 00:23,2020-05-09 08:29,CEST,486,475,12,0
2020-05-07 22:45,2020-05-08 07:29,CEST,524,500,15,8
2020-05-06 21:21,2020-05-07 06:49,CEST,568,551,15,3
2020-05-05 23:37,2020-05-06 05:49,CEST,372,354,14,4
2020-05-04 23:41,2020-05-05 06:23,CEST,402,388,14,0
2020-05-03 23:37,2020-05-04 06:15,CEST,399,384,15,0
2020-05-02 22:46,2020-05-03 08:26,CEST,580,558,19,3
2020-05-01 23:30,2020-05-02 07:55,CEST,505,495,9,0
2020-04-30 23:19,2020-05-01 05:58,CEST,399,388,10,1
2020-04-29 22:53,2020-04-30 06:09,CEST,436,427,9,0
2020-04-27 23:13,2020-04-28 06:07,CEST,415,405,10,0
2020-04-26 23:38,2020-04-27 06:09,CEST,391,376,16,0
2020-04-26 00:21,2020-04-26 07:38,CEST,438,425,13,0
2020-04-24 23:00,2020-04-25 06:05,CEST,426,413,13,0
2020-04-23 21:54,2020-04-24 06:04,CEST,489,474,13,3
2020-04-23 00:03,2020-04-23 06:13,CEST,371,364,7,0
2020-04-22 00:19,2020-04-22 06:25,CEST,366,358,8,0
2020-04-20 23:59,2020-04-21 06:36,CEST,396,375,9,12
2020-04-19 23:46,2020-04-20 06:24,CEST,398,389,10,0
2020-04-18 23:54,2020-04-19 06:21,CEST,387,374,13,0
2020-04-17 23:38,2020-04-18 06:50,CEST,432,422,9,0
2020-04-17 00:00,2020-04-17 06:15,CEST,375,364,11,0
2020-04-16 00:06,2020-04-16 05:37,CEST,331,323,8,0
2020-04-14 23:05,2020-04-15 07:05,CEST,480,455,15,11
2020-04-14 00:28,2020-04-14 08:28,CEST,480,460,19,1
2020-04-13 00:32,2020-04-13 08:33,CEST,480,459,21,1
2020-04-11 01:21,2020-04-11 07:49,CEST,388,372,16,0
2020-04-10 00:13,2020-04-10 06:09,CEST,356,344,10,2
2020-04-09 00:47,2020-04-09 09:31,CEST,525,500,22,2
2020-04-08 00:04,2020-04-08 07:44,CEST,460,444,13,3
2020-04-06 23:24,2020-04-07 06:30,CEST,426,412,7,7
2020-04-05 23:48,2020-04-06 07:16,CEST,448,428,19,1
2020-04-04 23:50,2020-04-05 07:39,CEST,469,451,16,2
2020-04-04 00:28,2020-04-04 06:33,CEST,364,353,8,3
2020-04-03 00:51,2020-04-03 07:24,CEST,393,379,14,0
2020-04-01 22:24,2020-04-02 08:31,CEST,608,571,27,9
2020-03-31 22:18,2020-04-01 06:56,CEST,517,495,18,4
2020-03-30 22:30,2020-03-31 08:35,CEST,605,571,31,3
2020-03-30 00:35,2020-03-30 07:59,CEST,444,430,15,0
2020-03-29 00:38,2020-03-29 07:35,CEST,357,349,8,0
2020-03-27 22:51,2020-03-28 07:07,CEST,496,483,13,1
2020-03-27 00:25,2020-03-27 06:24,CEST,359,349,11,0
2020-03-25 22:15,2020-03-26 06:30,CEST,495,477,17,0
2020-03-24 22:46,2020-03-25 06:31,CEST,466,454,12,0
2020-03-24 00:06,2020-03-24 06:57,CEST,411,399,12,0
2020-03-22 23:48,2020-03-23 06:28,CEST,400,389,11,0
2020-03-21 22:27,2020-03-22 07:28,CEST,541,526,16,0
2020-03-20 23:27,2020-03-21 06:07,CEST,400,392,8,0
2020-03-18 22:36,2020-03-19 07:07,CEST,511,480,19,12
2020-03-17 21:50,2020-03-18 07:56,CEST,606,561,32,13
2020-03-16 23:30,2020-03-17 08:02,CEST,512,493,15,5
2020-03-15 22:46,2020-03-16 07:08,CEST,502,476,21,5
2020-03-15 00:01,2020-03-15 08:27,CEST,506,492,14,0
2020-03-13 22:11,2020-03-14 05:45,CEST,454,435,17,2
2020-03-12 23:18,2020-03-13 06:56,CEST,458,445,12,0
2020-03-11 23:21,2020-03-12 04:28,CEST,307,296,6,6
2020-03-10 21:33,2020-03-11 06:20,CEST,526,507,19,0
2020-03-09 22:32,2020-03-10 06:17,CEST,465,448,15,2
2020-03-08 22:20,2020-03-09 06:24,CEST,484,463,19,3
2020-03-08 00:22,2020-03-08 06:46,CEST,383,367,16,0
2020-03-06 22:37,2020-03-07 07:11,CEST,514,495,16,2
2020-03-05 21:21,2020-03-06 06:00,CEST,519,505,14,0
2020-03-05 01:05,2020-03-05 06:00,CEST,295,286,9,0
2020-03-04 00:58,2020-03-04 06:15,CEST,317,309,8,0
2020-03-02 22:40,2020-03-03 06:16,CEST,455,445,10,0
2020-03-02 00:31,2020-03-02 06:15,CEST,344,338,6,0
2020-03-01 00:30,2020-03-01 06:48,CEST,379,371,8,0
2020-02-29 02:34,2020-02-29 07:21,CEST,287,266,12,9
2020-02-27 23:08,2020-02-28 06:30,CEST,442,426,14,2
2020-02-26 21:40,2020-02-27 06:16,CEST,516,477,19,20
2020-02-25 21:39,2020-02-26 06:00,CEST,500,471,23,6
2020-02-24 23:30,2020-02-25 05:58,CEST,389,372,11,6
2020-02-23 23:27,2020-02-24 06:22,CEST,415,394,12,8
2020-02-23 00:19,2020-02-23 08:03,CEST,463,445,16,3
2020-02-21 23:58,2020-02-22 07:42,CEST,463,449,11,3
2020-02-21 00:37,2020-02-21 06:05,CEST,328,318,9,0
2020-02-20 00:12,2020-02-20 06:00,CEST,348,340,6,3
2020-02-18 22:17,2020-02-19 05:49,CEST,452,439,13,0
2020-02-17 23:29,2020-02-18 06:10,CEST,401,390,11,0
2020-02-17 01:30,2020-02-17 06:11,CEST,281,274,7,0
2020-02-16 00:55,2020-02-16 08:58,CEST,483,454,26,3
2020-02-15 00:33,2020-02-15 07:37,CEST,424,413,11,0
2020-02-14 01:00,2020-02-14 07:23,CEST,384,377,7,0
2020-02-13 00:30,2020-02-13 08:14,CEST,464,452,13,0
2020-02-11 23:50,2020-02-12 06:04,CEST,374,365,9,0
2020-02-11 00:38,2020-02-11 07:13,CEST,396,385,10,0
2020-02-10 00:30,2020-02-10 07:35,CEST,426,409,15,1
2020-02-08 23:01,2020-02-09 08:59,CEST,598,577,18,2
2020-02-08 00:35,2020-02-08 07:41,CEST,426,407,14,5
2020-02-06 23:20,2020-02-07 05:48,CEST,388,379,9,0
2020-02-05 22:02,2020-02-06 06:00,CEST,478,462,14,2
2020-02-04 23:01,2020-02-05 06:10,CEST,429,415,12,2
2020-02-03 23:00,2020-02-04 05:55,CEST,415,400,11,4
2020-02-02 23:50,2020-02-03 06:00,CEST,370,359,10,0
2020-02-01 23:42,2020-02-02 07:36,CEST,473,460,13,0
2020-01-31 23:55,2020-02-01 08:05,CEST,491,471,14,5
2020-01-31 03:10,2020-01-31 06:05,CEST,174,168,6,0
2020-01-29 23:50,2020-01-30 06:05,CEST,375,360,12,3
2020-01-28 23:44,2020-01-29 06:00,CEST,376,366,8,3
2020-01-27 23:42,2020-01-28 06:00,CEST,378,369,9,0
2020-01-26 23:42,2020-01-27 06:00,CEST,378,367,9,3
2020-01-26 00:26,2020-01-26 08:29,CEST,483,463,18,2
2020-01-24 23:18,2020-01-25 08:08,CEST,530,513,17,0
2020-01-23 23:15,2020-01-24 05:48,CEST,393,385,8,0
2020-01-21 23:02,2020-01-22 06:02,CEST,420,408,10,2
2020-01-20 22:58,2020-01-21 06:14,CEST,436,421,13,2
2020-01-19 23:23,2020-01-20 06:00,CEST,396,387,9,0
2020-01-19 00:19,2020-01-19 07:17,CEST,417,401,14,2
2020-01-18 00:03,2020-01-18 08:24,CEST,500,483,17,0
2020-01-16 23:17,2020-01-17 06:05,CEST,408,394,6,7
2020-01-16 00:37,2020-01-16 05:35,CEST,298,292,6,0
2020-01-14 23:27,2020-01-15 06:05,CEST,398,384,10,3
2020-01-12 23:51,2020-01-13 06:00,CEST,369,354,10,5
2020-01-12 00:31,2020-01-12 08:16,CEST,464,450,12,2
2020-01-11 00:31,2020-01-11 10:08,CEST,577,562,12,3
2020-01-10 01:23,2020-01-10 06:00,CEST,277,271,5,0
2020-01-08 21:55,2020-01-09 06:04,CEST,489,468,17,4
2020-01-08 01:46,2020-01-08 06:00,CEST,254,247,8,0
2020-01-06 23:00,2020-01-07 05:55,CEST,416,400,14,2
2020-01-05 22:37,2020-01-06 06:09,CEST,452,439,11,2
2020-01-04 23:33,2020-01-05 08:17,CEST,524,505,17,2
2020-01-03 23:13,2020-01-04 07:30,CEST,497,479,13,4
2020-01-03 00:24,2020-01-03 06:37,CEST,374,362,9,3
2020-01-02 00:38,2020-01-02 06:15,CEST,337,322,9,6
2020-01-01 06:31,2020-01-01 09:52,CEST,201,195,6,0
2019-12-31 03:15,2019-12-31 09:30,CEST,374,361,13,0
2019-12-29 22:48,2019-12-30 06:38,CEST,470,450,14,5
2019-12-29 00:50,2019-12-29 09:38,CEST,527,504,21,3
2019-12-28 00:36,2019-12-28 08:54,CEST,499,487,12,0
2019-12-27 01:14,2019-12-27 06:48,CEST,335,328,7,0
2019-12-26 01:32,2019-12-26 08:43,CEST,431,419,12,0
2019-12-25 01:09,2019-12-25 09:30,CEST,500,479,16,5
2019-12-24 00:34,2019-12-24 09:27,CEST,533,519,14,0
2019-12-23 00:36,2019-12-23 09:23,CEST,528,507,18,3
2019-12-21 23:46,2019-12-22 08:12,CEST,505,489,15,2
2019-12-19 00:02,2019-12-19 06:15,CEST,373,364,9,0
2019-12-17 22:03,2019-12-18 06:30,CEST,507,489,16,3
2019-12-15 23:51,2019-12-16 06:30,CEST,400,388,10,2
2019-12-14 23:23,2019-12-15 06:55,CEST,452,419,23,10
2019-12-13 21:13,2019-12-14 08:33,CEST,680,646,31,3
2019-12-12 23:18,2019-12-13 06:25,CEST,427,409,14,4
2019-12-11 23:23,2019-12-12 06:10,CEST,407,394,9,3
2019-12-09 23:58,2019-12-10 06:10,CEST,372,362,8,2
2019-12-09 02:06,2019-12-09 05:59,CEST,233,228,5,0
2019-12-08 00:47,2019-12-08 09:41,CEST,535,494,27,13
2019-12-06 02:38,2019-12-06 06:14,CEST,216,208,8,0
2019-12-05 00:18,2019-12-05 06:07,CEST,349,337,10,2
2019-12-04 03:00,2019-12-04 06:15,CEST,195,189,6,0
2019-12-02 23:34,2019-12-03 06:21,CEST,407,394,13,0
2019-12-01 23:33,2019-12-02 06:10,CEST,397,381,13,3
2019-11-30 23:46,2019-12-01 08:12,CEST,506,485,19,3
2019-11-29 23:55,2019-11-30 08:25,CEST,510,492,15,3
2019-11-29 04:00,2019-11-29 06:14,CEST,134,129,5,0
2019-11-27 23:43,2019-11-28 06:25,CEST,402,390,10,2
2019-11-27 00:02,2019-11-27 06:10,CEST,368,358,10,0
2019-11-25 23:53,2019-11-26 06:16,CEST,383,374,7,2
2019-11-25 03:24,2019-11-25 06:10,CEST,166,162,4,0
2019-11-24 01:25,2019-11-24 08:13,CEST,408,398,10,0
2019-11-23 00:30,2019-11-23 09:05,CEST,516,500,13,3
2019-11-22 00:03,2019-11-22 06:10,CEST,366,358,8,0
2019-11-21 00:06,2019-11-21 06:08,CEST,362,354,8,0
2019-11-19 22:38,2019-11-20 06:15,CEST,457,440,15,2
2019-11-19 00:54,2019-11-19 06:10,CEST,316,306,9,2
2019-11-16 23:43,2019-11-17 08:20,CEST,516,496,18,3
2019-11-15 23:51,2019-11-16 07:28,CEST,457,444,13,0
2019-11-15 00:28,2019-11-15 06:10,CEST,342,330,9,2
2019-11-14 01:01,2019-11-14 06:15,CEST,314,303,11,0
2019-11-11 23:49,2019-11-12 06:15,CEST,386,378,8,0
2019-11-10 22:25,2019-11-11 06:15,CEST,471,457,13,0
2019-11-10 00:10,2019-11-10 06:45,CEST,395,383,10,2
2019-11-08 23:55,2019-11-09 07:48,CEST,472,456,15,2
2019-11-07 23:26,2019-11-08 06:07,CEST,401,390,8,3
2019-11-06 00:18,2019-11-06 06:06,CEST,347,339,8,0
2019-11-05 00:04,2019-11-05 06:10,CEST,366,355,9,2
2019-11-03 22:14,2019-11-04 06:11,CEST,476,462,11,3
2019-11-03 00:25,2019-11-03 07:59,CEST,454,442,10,2
2019-11-01 23:19,2019-11-02 08:10,CEST,530,514,15,2
2019-10-30 21:06,2019-10-31 06:28,CEST,562,539,22,2
2019-10-29 23:33,2019-10-30 05:16,CEST,342,335,7,0
2019-10-28 23:38,2019-10-29 05:55,CEST,377,371,6,0
2019-10-28 00:12,2019-10-28 06:12,CEST,359,347,10,2
2019-10-26 23:51,2019-10-27 06:52,CEST,481,466,12,2
2019-10-25 22:58,2019-10-26 01:17,CEST,139,136,3,0
2019-10-24 23:08,2019-10-25 06:02,CEST,414,401,11,3
2019-10-23 23:20,2019-10-24 05:45,CEST,385,373,10,2
2019-10-22 22:44,2019-10-23 05:41,CEST,417,405,12,0
2019-10-21 22:37,2019-10-22 06:14,CEST,457,446,9,2
2019-10-21 00:21,2019-10-21 06:05,CEST,344,336,8,0
2019-10-18 23:11,2019-10-19 06:48,CEST,457,441,15,2
2019-10-17 23:24,2019-10-18 06:30,CEST,426,415,10,0
2019-10-16 00:15,2019-10-16 07:00,CEST,405,396,9,0
2019-10-14 23:38,2019-10-15 07:17,CEST,459,445,12,2
2019-10-13 22:44,2019-10-14 07:33,CEST,529,509,17,3
2019-10-13 00:15,2019-10-13 07:27,CEST,432,416,13,3
2019-10-11 23:06,2019-10-12 07:09,CEST,483,468,12,2
2019-10-10 23:09,2019-10-11 06:09,CEST,420,403,15,3
2019-10-08 21:50,2019-10-09 05:57,CEST,487,470,14,3
2019-10-08 02:29,2019-10-08 06:09,CEST,220,211,8,0
2019-10-06 22:45,2019-10-07 06:15,CEST,450,439,11,0
2019-10-04 22:07,2019-10-05 06:17,CEST,490,472,16,2
2019-10-02 22:12,2019-10-03 06:11,CEST,479,465,12,2
2019-10-02 01:31,2019-10-02 06:07,CEST,275,266,9,0
2019-09-30 22:49,2019-10-01 06:10,CEST,441,431,10,0
2019-09-30 00:09,2019-09-30 06:15,CEST,366,353,11,2
2019-09-28 23:23,2019-09-29 07:37,CEST,494,478,10,6
2019-09-27 23:56,2019-09-28 07:35,CEST,459,444,12,2
2019-09-26 23:46,2019-09-27 06:15,CEST,388,371,16,1
2019-09-25 22:12,2019-09-26 06:14,CEST,483,473,8,2
2019-09-23 21:33,2019-09-24 06:15,CEST,522,504,13,5
2019-09-22 23:19,2019-09-23 06:14,CEST,415,389,16,10
2019-09-21 23:28,2019-09-22 07:42,CEST,495,480,12,2
2019-09-20 21:40,2019-09-21 06:32,CEST,532,516,14,2
2019-09-20 04:14,2019-09-20 06:15,CEST,121,116,5,0
2019-09-18 23:36,2019-09-19 05:59,CEST,383,375,9,0
2019-09-18 00:02,2019-09-18 05:44,CEST,342,334,8,0
2019-09-16 22:35,2019-09-17 06:13,CEST,458,444,11,2
2019-09-15 23:01,2019-09-16 06:21,CEST,440,425,13,2
2019-09-14 21:43,2019-09-15 08:00,CEST,617,592,19,5
2019-09-13 23:46,2019-09-14 06:40,CEST,415,398,15,2
2019-09-12 20:57,2019-09-13 05:47,CEST,531,518,13,0
2019-09-10 21:52,2019-09-11 05:39,CEST,467,456,8,3
2019-09-09 22:46,2019-09-10 05:59,CEST,432,418,14,1
2019-09-08 23:15,2019-09-09 05:33,CEST,378,368,8,2
2019-09-08 00:22,2019-09-08 07:39,CEST,437,422,12,4
2019-09-06 22:46,2019-09-07 07:36,CEST,530,504,21,5
2019-09-05 22:10,2019-09-06 04:10,CEST,361,352,9,0
2019-09-04 23:11,2019-09-05 05:55,CEST,404,393,8,2
2019-09-03 22:09,2019-09-04 06:04,CEST,475,459,15,0
2019-09-02 23:29,2019-09-03 06:11,CEST,402,387,12,2
2019-09-01 23:43,2019-09-02 06:29,CEST,406,393,11,2
2019-08-31 23:02,2019-09-01 06:55,CEST,473,446,23,4
2019-08-30 22:54,2019-08-31 06:30,CEST,457,444,10,3
2019-08-29 23:17,2019-08-30 06:22,CEST,425,412,13,0
2019-08-28 22:31,2019-08-29 06:06,CEST,456,444,10,2
2019-08-27 22:34,2019-08-28 06:15,CEST,461,445,12,4
2019-08-25 22:54,2019-08-26 06:13,CEST,439,419,16,4
2019-08-24 23:13,2019-08-25 07:58,CEST,525,508,15,2
2019-08-23 23:16,2019-08-24 08:39,CEST,564,543,16,4
2019-08-22 23:43,2019-08-23 03:44,CEST,240,235,6,0
2019-08-22 00:04,2019-08-22 07:02,CEST,418,402,14,3
2019-08-21 00:27,2019-08-21 05:00,CEST,272,266,6,0
2019-08-20 00:53,2019-08-20 05:29,CEST,276,264,12,0
2019-08-18 23:44,2019-08-19 06:00,CEST,376,358,16,2
2019-08-16 23:35,2019-08-17 06:24,CEST,409,394,14,0
2019-08-15 23:22,2019-08-16 05:39,CEST,377,367,8,2
2019-08-15 00:00,2019-08-15 05:59,CEST,359,345,11,4
2019-08-14 03:27,2019-08-14 06:00,CEST,153,146,6,0
2019-08-13 01:30,2019-08-13 05:58,CEST,268,258,7,2
2019-08-11 22:50,2019-08-12 05:58,CEST,429,411,13,4
2019-08-11 01:22,2019-08-11 08:21,CEST,419,405,12,2
2019-08-10 03:28,2019-08-10 08:11,CEST,283,275,8,0
2019-08-08 23:33,2019-08-09 06:44,CEST,430,420,8,2
2019-08-07 23:42,2019-08-08 06:38,CEST,415,406,10,0
2019-08-06 23:09,2019-08-07 06:29,CEST,440,428,12,0
2019-08-05 23:16,2019-08-06 06:36,CEST,440,429,11,0
2019-08-04 23:05,2019-08-05 08:40,CEST,575,539,23,13
2019-08-03 23:52,2019-08-04 07:54,CEST,482,458,16,8
2019-08-02 23:49,2019-08-03 07:57,CEST,487,467,14,6
2019-08-01 23:07,2019-08-02 06:25,CEST,438,429,9,0
2019-08-01 01:17,2019-08-01 06:38,CEST,321,310,9,2
2019-07-31 00:23,2019-07-31 06:55,CEST,391,377,12,3
2019-07-30 00:49,2019-07-30 06:30,CEST,341,333,6,2
2019-07-29 00:51,2019-07-29 06:15,CEST,324,314,7,3
2019-07-28 02:59,2019-07-28 09:54,CEST,415,403,13,0
2019-07-27 00:30,2019-07-27 08:02,CEST,452,410,34,8
2019-07-26 00:17,2019-07-26 07:21,CEST,424,410,12,2
2019-07-25 00:19,2019-07-25 09:45,CEST,565,528,24,13
2019-07-24 00:30,2019-07-24 08:41,CEST,492,456,24,12
2019-07-23 03:55,2019-07-23 07:59,CEST,244,223,14,7
2019-07-21 23:11,2019-07-22 08:34,CEST,563,532,24,7
2019-07-20 22:58,2019-07-21 09:00,CEST,602,574,21,7
2019-07-19 00:24,2019-07-19 08:44,CEST,500,486,11,2
2019-07-18 00:39,2019-07-18 09:12,CEST,514,491,15,7
2019-07-16 23:30,2019-07-17 07:23,CEST,473,454,17,3
2019-07-16 00:14,2019-07-16 08:16,CEST,482,453,22,7
2019-07-15 00:05,2019-07-15 07:11,CEST,426,417,10,0
2019-07-14 01:08,2019-07-14 09:32,CEST,504,491,13,0
2019-07-13 00:57,2019-07-13 08:27,CEST,450,423,21,6
2019-07-12 00:49,2019-07-12 08:55,CEST,486,458,21,8
2019-07-11 02:20,2019-07-11 09:28,CEST,428,416,12,0
2019-07-10 00:41,2019-07-10 07:55,CEST,434,422,12,0
2019-07-08 00:58,2019-07-08 13:00,CEST,721,706,14,2
2019-07-06 09:30,2019-07-06 12:57,CEST,208,200,8,0
2019-07-05 07:15,2019-07-05 13:04,CEST,349,339,9,2
2019-07-04 05:34,2019-07-04 13:53,CEST,499,481,15,3
2019-07-02 06:54,2019-07-02 13:57,CEST,423,407,14,2
2019-07-01 04:47,2019-07-01 13:24,GMT-4,517,502,13,1
2019-06-29 06:59,2019-06-29 13:31,GMT-4,391,382,9,0
2019-06-26 06:19,2019-06-26 14:14,GMT-4,475,433,36,6
2019-06-25 10:04,2019-06-25 12:35,GMT-4,151,146,4,0
2019-06-24 04:34,2019-06-24 13:00,GMT-4,506,485,14,7
2019-06-23 05:45,2019-06-23 14:28,GMT-4,523,509,13,2
2019-06-22 07:05,2019-06-22 13:25,GMT-4,380,364,16,0
2019-06-21 05:24,2019-06-21 13:07,GMT-4,463,448,14,0
2019-06-20 06:31,2019-06-20 13:49,GMT-4,438,421,15,2
2019-06-19 07:29,2019-06-19 13:23,GMT-4,354,334,20,0
2019-06-18 06:21,2019-06-18 13:26,GMT-4,425,409,15,0
2019-06-17 04:41,2019-06-17 13:17,GMT-4,516,488,22,6
2019-06-16 06:45,2019-06-16 12:27,GMT-4,342,335,7,0
2019-06-15 04:57,2019-06-15 13:54,GMT-4,537,522,12,3
2019-06-13 05:37,2019-06-13 12:00,GMT-4,383,371,11,1
2019-06-12 04:32,2019-06-12 12:28,GMT-4,477,465,9,2
2019-06-11 04:20,2019-06-11 11:50,GMT-4,449,398,50,2
2019-06-10 10:11,2019-06-10 12:25,GMT-4,133,127,6,0
2019-06-08 04:23,2019-06-08 13:57,GMT-4,575,526,36,12
2019-06-07 06:33,2019-06-07 12:16,GMT-4,342,332,10,0
2019-06-06 04:00,2019-06-06 12:06,GMT-4,486,466,17,4
2019-06-05 04:44,2019-06-05 11:57,GMT-4,433,416,13,4
2019-06-04 05:05,2019-06-04 12:14,GMT-4,428,417,10,1
2019-06-03 05:00,2019-06-03 12:05,GMT-4,425,407,17,1
2019-06-02 05:40,2019-06-02 14:08,GMT-4,508,482,22,4
2019-06-01 05:29,2019-06-01 14:55,GMT-4,566,547,16,2
2019-05-30 05:17,2019-05-30 11:37,GMT-4,380,369,10,2
2019-05-29 06:07,2019-05-29 11:59,GMT-4,352,340,10,2
2019-05-28 05:54,2019-05-28 12:00,GMT-4,366,357,6,2
2019-05-27 10:22,2019-05-27 13:48,GMT-4,207,201,6,0
2019-05-26 07:00,2019-05-26 13:56,GMT-4,416,398,16,1
2019-05-25 05:30,2019-05-25 14:22,GMT-4,533,516,14,2
2019-05-24 05:18,2019-05-24 11:33,GMT-4,375,354,16,5
2019-05-23 04:24,2019-05-23 12:05,GMT-4,461,449,12,0
2019-05-22 05:58,2019-05-22 12:05,GMT-4,367,348,12,6
2019-05-21 05:16,2019-05-21 12:03,GMT-4,407,391,16,0
2019-05-20 04:14,2019-05-20 13:03,GMT-4,529,505,23,1
2019-05-19 04:49,2019-05-19 14:11,GMT-4,562,539,21,2
2019-05-18 05:23,2019-05-18 13:13,GMT-4,470,454,16,0
2019-05-17 04:43,2019-05-17 12:06,GMT-4,444,426,17,0
2019-05-16 05:04,2019-05-16 12:07,GMT-4,423,412,9,2
2019-05-15 04:52,2019-05-15 12:15,GMT-4,444,435,9,0
2019-05-14 05:37,2019-05-14 12:19,GMT-4,402,390,10,1
2019-05-13 06:33,2019-05-13 12:18,GMT-4,345,337,8,0
2019-05-12 05:01,2019-05-12 14:18,GMT-4,557,534,19,4
2019-05-11 06:00,2019-05-11 12:39,GMT-4,400,393,7,0
2019-05-10 04:01,2019-05-10 12:00,GMT-4,479,464,16,0
2019-05-09 03:21,2019-05-09 12:05,GMT-4,524,498,23,4
2019-05-08 06:32,2019-05-08 11:54,GMT-4,323,315,8,0
2019-05-07 04:33,2019-05-07 14:28,GMT-4,595,544,38,12
2019-05-06 12:04,2019-05-06 14:06,GMT-4,122,117,5,0
2019-05-05 07:52,2019-05-05 14:37,GMT-4,405,381,12,12
2019-05-04 07:00,2019-05-04 12:57,GMT-4,357,340,17,0
2019-05-03 06:41,2019-05-03 11:59,GMT-4,318,307,11,0
2019-05-02 05:26,2019-05-02 13:21,GMT-4,475,459,16,0
2019-05-01 06:14,2019-05-01 12:24,GMT-4,370,354,17,0
2019-04-30 04:49,2019-04-30 12:03,GMT-4,435,417,15,3
2019-04-28 05:30,2019-04-28 12:20,GMT-4,410,391,13,6
2019-04-27 07:00,2019-04-27 15:11,GMT-4,491,473,15,3
2019-04-25 04:21,2019-04-25 13:13,GMT-4,533,510,21,2
2019-04-24 04:44,2019-04-24 12:05,GMT-4,441,423,14,4
2019-04-23 05:42,2019-04-23 12:50,GMT-4,427,412,14,1
2019-04-22 06:00,2019-04-22 12:00,GMT-4,360,346,12,2
2019-04-21 06:30,2019-04-21 13:14,GMT-4,405,386,16,3
2019-04-20 05:31,2019-04-20 13:05,GMT-4,455,433,20,2
2019-04-19 05:30,2019-04-19 13:28,GMT-4,477,458,17,2
2019-04-18 05:47,2019-04-18 13:03,GMT-4,436,412,24,0
2019-04-17 05:34,2019-04-17 12:23,GMT-4,410,390,20,0
2019-04-16 04:54,2019-04-16 13:29,GMT-4,515,501,12,2
2019-04-15 05:11,2019-04-15 13:49,GMT-4,518,492,21,5
2019-04-14 04:19,2019-04-14 14:16,GMT-4,597,572,25,0
2019-04-13 09:28,2019-04-13 15:00,GMT-4,331,320,12,0
2019-04-12 10:00,2019-04-12 12:24,GMT-4,144,138,6,0
2019-04-10 06:09,2019-04-10 12:00,GMT-4,351,339,10,2
2019-04-09 05:41,2019-04-09 11:46,GMT-4,365,356,9,0
2019-04-08 07:30,2019-04-08 12:14,GMT-4,285,273,12,0
2019-04-07 05:41,2019-04-07 14:04,GMT-4,503,472,15,16
2019-04-06 07:15,2019-04-06 14:07,GMT-4,412,395,14,3
2019-04-05 05:21,2019-04-05 12:00,GMT-4,399,381,11,7
2019-04-04 06:58,2019-04-04 10:57,GMT-4,239,226,11,1
2019-04-03 04:48,2019-04-03 12:07,GMT-4,439,418,14,7
2019-04-02 05:43,2019-04-02 11:51,GMT-4,368,357,9,1
2019-04-01 04:34,2019-04-01 12:00,GMT-4,446,432,11,3
2019-03-31 05:39,2019-03-31 14:03,GMT-4,503,480,18,6
2019-03-29 04:14,2019-03-29 10:43,GMT-4,389,375,12,2
2019-03-28 04:35,2019-03-28 10:57,GMT-4,382,372,9,0
2019-03-27 03:58,2019-03-27 11:39,GMT-4,461,447,12,2
2019-03-26 03:54,2019-03-26 11:00,GMT-4,426,413,11,2
2019-03-25 03:53,2019-03-25 09:11,GMT-4,317,298,10,10
2019-03-24 04:59,2019-03-24 12:22,GMT-4,443,430,13,0
2019-03-23 04:36,2019-03-23 12:40,GMT-4,483,468,14,2
2019-03-22 04:07,2019-03-22 10:49,GMT-4,402,391,9,2
2019-03-20 06:30,2019-03-20 11:12,GMT-4,283,274,9,0
2019-03-19 03:50,2019-03-19 11:00,GMT-4,430,418,10,2
2019-03-18 03:55,2019-03-18 11:25,GMT-4,450,437,12,1
2019-03-17 05:31,2019-03-17 12:42,GMT-4,431,415,13,2
2019-03-16 05:01,2019-03-16 12:38,GMT-4,457,442,14,0
2019-03-14 04:41,2019-03-14 11:00,GMT-4,379,363,16,0
2019-03-13 05:18,2019-03-13 11:00,GMT-4,342,334,8,1
2019-03-12 09:13,2019-03-12 11:09,GMT-4,116,112,4,0
2019-03-11 03:49,2019-03-11 11:04,GMT-4,434,417,15,1
2019-03-10 04:24,2019-03-10 13:33,GMT-4,549,532,16,0
2019-03-09 05:14,2019-03-09 15:15,GMT-4,601,581,17,3
2019-03-08 11:30,2019-03-08 15:08,GMT-4,218,210,9,0
2019-03-07 04:51,2019-03-07 10:59,GMT-4,368,355,11,2
2019-03-06 05:19,2019-03-06 12:07,GMT-4,409,395,14,0
2019-03-05 04:29,2019-03-05 12:04,GMT-4,455,438,15,2
2019-03-04 07:30,2019-03-04 13:50,GMT-4,380,364,16,0
2019-03-03 06:58,2019-03-03 14:06,GMT-4,429,412,14,2
2019-03-02 04:29,2019-03-02 13:35,GMT-4,546,526,19,2
2019-03-01 06:26,2019-03-01 12:00,GMT-4,334,324,10,0
2019-02-28 04:41,2019-02-28 13:34,GMT-4,533,500,25,8
2019-02-27 07:30,2019-02-27 12:06,GMT-4,276,265,11,0
2019-02-26 05:37,2019-02-26 12:05,GMT-4,388,378,9,1
2019-02-25 04:19,2019-02-25 12:00,GMT-4,461,445,16,0
2019-02-24 05:45,2019-02-24 13:32,GMT-4,467,453,12,1
2019-02-23 06:29,2019-02-23 14:40,GMT-4,491,472,17,2
2019-02-22 04:30,2019-02-22 12:09,GMT-4,459,445,12,1
2019-02-21 05:36,2019-02-21 13:20,GMT-4,463,437,22,4
2019-02-20 05:51,2019-02-20 11:57,GMT-4,366,356,11,0
2019-02-19 05:31,2019-02-19 12:25,GMT-4,414,402,10,2
2019-02-18 06:01,2019-02-18 13:19,GMT-4,437,415,19,3
2019-02-17 05:30,2019-02-17 12:44,GMT-4,435,418,13,3
2019-02-16 05:12,2019-02-16 13:20,GMT-4,488,473,13,2
2019-02-15 06:32,2019-02-15 12:28,GMT-4,356,348,8,0
2019-02-14 03:39,2019-02-14 11:44,GMT-4,486,465,18,3
2019-02-13 08:09,2019-02-13 13:53,GMT-4,344,320,23,0
2019-02-12 04:27,2019-02-12 13:13,GMT-4,526,498,20,7
2019-02-11 04:33,2019-02-11 12:00,GMT-4,446,434,11,2
2019-02-10 04:59,2019-02-10 12:40,GMT-4,461,446,12,3
2019-02-08 05:34,2019-02-08 11:56,GMT-4,382,374,8,0
2019-02-07 04:34,2019-02-07 11:59,GMT-4,444,401,21,22
2019-02-06 06:02,2019-02-06 12:09,GMT-4,367,355,11,1
2019-02-05 05:32,2019-02-05 12:00,GMT-4,388,373,13,1
2019-02-04 04:46,2019-02-04 12:04,GMT-4,438,424,13,1
2019-02-03 04:15,2019-02-03 12:07,GMT-4,472,461,11,0
2019-02-02 04:11,2019-02-02 13:33,GMT-4,562,536,22,4
2019-02-01 05:25,2019-02-01 12:00,GMT-4,395,381,10,4
2019-01-31 05:43,2019-01-31 12:48,GMT-4,425,408,17,1
2019-01-30 04:19,2019-01-30 14:00,GMT-4,580,531,36,13
2019-01-29 02:53,2019-01-29 12:00,GMT-4,547,532,13,2
2019-01-28 04:15,2019-01-28 12:04,GMT-4,469,450,17,2
2019-01-26 08:39,2019-01-26 13:09,GMT-4,270,261,9,0
2019-01-25 05:41,2019-01-25 12:09,GMT-4,388,377,10,0
2019-01-24 04:27,2019-01-24 12:00,GMT-4,453,437,15,1
2019-01-23 04:22,2019-01-23 12:32,GMT-4,490,474,15,1
2019-01-22 08:00,2019-01-22 12:11,GMT-4,251,245,6,0
2019-01-21 03:30,2019-01-21 13:07,GMT-4,577,547,23,7
2019-01-20 05:46,2019-01-20 13:00,GMT-4,434,422,10,2
2019-01-19 04:00,2019-01-19 13:17,GMT-4,557,525,31,2
2019-01-18 05:36,2019-01-18 11:20,GMT-4,344,321,18,5
2019-01-17 03:30,2019-01-17 13:11,GMT-4,582,565,16,0
2019-01-16 05:29,2019-01-16 12:40,GMT-4,430,411,18,2
2019-01-14 01:30,2019-01-14 08:00,CEST,389,343,34,13
2019-01-13 00:57,2019-01-13 08:21,CEST,444,427,15,2
2019-01-12 01:01,2019-01-12 08:31,CEST,450,435,10,5
2019-01-11 01:58,2019-01-11 06:35,CEST,277,269,8,0
2019-01-09 23:39,2019-01-10 06:06,CEST,386,376,10,0
2019-01-09 00:34,2019-01-09 06:15,CEST,341,328,13,0
2019-01-07 23:09,2019-01-08 06:05,CEST,416,401,15,1
2019-01-07 00:10,2019-01-07 06:24,CEST,375,356,11,8
2019-01-06 00:16,2019-01-06 09:00,CEST,524,509,15,0
2019-01-05 00:51,2019-01-05 08:57,CEST,486,471,15,0
2019-01-04 00:37,2019-01-04 08:43,CEST,486,471,16,0
2019-01-03 02:09,2019-01-03 09:09,CEST,420,387,23,10
2019-01-01 23:10,2019-01-02 09:43,CEST,633,605,23,4
2019-01-01 03:42,2019-01-01 07:27,CEST,226,221,5,0
2018-12-31 00:10,2018-12-31 07:26,CEST,437,423,10,4
2018-12-29 23:36,2018-12-30 08:29,CEST,532,505,24,3
2018-12-29 00:16,2018-12-29 07:32,CEST,436,428,8,0
2018-12-27 23:53,2018-12-28 08:28,CEST,515,488,17,10
2018-12-26 23:57,2018-12-27 08:26,CEST,509,488,17,3
2018-12-26 01:05,2018-12-26 09:00,CEST,474,455,16,3
2018-12-24 23:36,2018-12-25 08:15,CEST,519,494,21,4
2018-12-24 00:28,2018-12-24 07:39,CEST,430,420,10,0
2018-12-23 00:00,2018-12-23 09:13,CEST,554,515,19,20
2018-12-21 23:40,2018-12-22 09:24,CEST,584,564,17,3
2018-12-20 23:55,2018-12-21 06:30,CEST,395,384,9,2
2018-12-20 00:27,2018-12-20 06:22,CEST,356,346,9,0
2018-12-18 23:25,2018-12-19 06:10,CEST,404,387,14,2
2018-12-18 01:28,2018-12-18 06:10,CEST,282,277,6,0
2018-12-16 23:59,2018-12-17 06:30,CEST,391,381,10,0
2018-12-16 01:07,2018-12-16 09:27,CEST,499,475,18,6
2018-12-14 22:34,2018-12-15 08:41,CEST,607,589,16,2
2018-12-14 00:08,2018-12-14 06:30,CEST,381,370,10,2
2018-12-12 23:49,2018-12-13 06:29,CEST,400,379,14,7
2018-12-12 00:03,2018-12-12 06:20,CEST,377,365,12,0
2018-12-10 23:17,2018-12-11 06:38,CEST,441,430,11,0
2018-12-09 23:49,2018-12-10 06:30,CEST,400,382,16,2
2018-12-09 00:19,2018-12-09 08:33,CEST,493,478,15,0
2018-12-07 23:57,2018-12-08 06:32,CEST,394,376,16,2
2018-12-06 22:17,2018-12-07 06:05,CEST,468,441,17,9
2018-12-05 23:45,2018-12-06 06:32,CEST,407,392,15,0
2018-12-04 23:29,2018-12-05 06:05,CEST,396,360,18,17
2018-12-03 21:47,2018-12-04 06:33,CEST,526,466,35,25
2018-12-03 00:27,2018-12-03 06:38,CEST,371,345,24,2
2018-12-02 01:10,2018-12-02 08:06,CEST,416,369,30,18
2018-11-30 19:34,2018-12-01 07:45,CEST,730,674,50,6
2018-11-29 20:29,2018-11-30 02:51,CEST,382,350,32,0
2018-11-28 21:49,2018-11-29 06:00,CEST,491,471,17,2
2018-11-28 02:28,2018-11-28 05:59,CEST,211,205,6,0
2018-11-27 00:17,2018-11-27 06:34,CEST,377,365,12,0
2018-11-25 23:45,2018-11-26 06:18,CEST,393,373,15,5
2018-11-24 23:34,2018-11-25 07:54,CEST,500,476,13,11
2018-11-24 00:46,2018-11-24 06:19,CEST,333,325,8,0
2018-11-22 23:07,2018-11-23 05:42,CEST,395,380,12,4
2018-11-21 23:32,2018-11-22 06:14,CEST,402,387,13,2
2018-11-21 00:40,2018-11-21 06:06,CEST,326,316,9,2
2018-11-19 22:49,2018-11-20 06:20,CEST,451,438,13,0
2018-11-18 22:39,2018-11-19 06:05,CEST,445,431,13,2
2018-11-17 23:25,2018-11-18 08:55,CEST,569,550,17,2
2018-11-16 23:40,2018-11-17 06:14,CEST,394,384,10,0
2018-11-15 22:12,2018-11-16 06:05,CEST,473,457,13,2
2018-11-13 23:11,2018-11-14 06:14,CEST,423,405,13,5
2018-11-11 22:57,2018-11-12 06:00,CEST,423,414,9,0
2018-11-11 00:16,2018-11-11 08:24,CEST,488,475,11,2
2018-11-09 23:34,2018-11-10 08:06,CEST,512,485,24,3
2018-11-08 23:26,2018-11-09 05:14,CEST,347,337,9,2
2018-11-07 23:04,2018-11-08 06:42,CEST,459,446,12,2
2018-11-06 22:03,2018-11-07 06:00,CEST,477,464,13,0
2018-11-06 00:48,2018-11-06 06:09,CEST,322,314,8,0
2018-11-04 23:56,2018-11-05 06:00,CEST,363,357,6,0
2018-11-04 00:03,2018-11-04 06:04,CEST,361,354,7,0
2018-11-02 23:23,2018-11-03 07:25,CEST,482,470,10,2
2018-11-01 23:05,2018-11-02 06:09,CEST,425,411,12,2
2018-11-01 00:17,2018-11-01 06:30,CEST,373,360,10,2
2018-10-31 00:01,2018-10-31 06:06,CEST,364,356,8,0
2018-10-29 22:55,2018-10-30 06:03,CEST,429,413,13,3
2018-10-28 23:19,2018-10-29 06:24,CEST,424,410,13,2
2018-10-27 22:30,2018-10-28 07:14,CEST,584,569,15,0
2018-10-25 22:58,2018-10-26 05:58,CEST,420,413,5,2
2018-10-25 01:02,2018-10-25 06:27,CEST,325,317,8,0
2018-10-24 00:43,2018-10-24 06:10,CEST,327,321,6,0
2018-10-23 00:17,2018-10-23 06:26,CEST,369,361,7,1
2018-10-22 00:18,2018-10-22 06:05,CEST,348,341,6,0
2018-10-20 23:44,2018-10-21 07:15,CEST,451,441,10,0
2018-10-19 23:42,2018-10-20 07:11,CEST,449,441,8,0
2018-10-19 00:38,2018-10-19 06:40,CEST,362,354,8,0
2018-10-17 23:40,2018-10-18 07:16,CEST,456,442,11,3
2018-10-17 00:54,2018-10-17 06:29,CEST,335,328,8,0
2018-10-16 01:10,2018-10-16 06:57,CEST,346,337,7,2
2018-10-15 00:25,2018-10-15 07:52,CEST,447,428,15,3
2018-10-13 23:53,2018-10-14 06:21,CEST,388,380,7,2
2018-10-12 22:36,2018-10-13 06:44,CEST,488,477,11,0
2018-10-11 23:50,2018-10-12 06:30,CEST,400,386,12,2
2018-10-10 22:56,2018-10-11 06:24,CEST,448,436,10,2
2018-10-09 22:23,2018-10-10 06:03,CEST,460,448,12,0
2018-10-08 22:38,2018-10-09 06:06,CEST,448,439,7,2
2018-10-08 00:08,2018-10-08 06:06,CEST,358,351,6,0
2018-10-06 23:35,2018-10-07 06:21,CEST,407,394,8,5
2018-10-05 22:36,2018-10-06 07:33,CEST,537,519,16,2
2018-10-05 00:15,2018-10-05 06:00,CEST,345,331,8,6
2018-10-03 23:40,2018-10-04 05:48,CEST,368,359,7,2
2018-10-03 00:01,2018-10-03 06:05,CEST,365,347,11,6
2018-10-02 00:04,2018-10-02 06:15,CEST,371,333,14,25
2018-09-30 23:00,2018-10-01 05:54,CEST,414,385,14,15
2018-09-29 22:29,2018-09-30 06:31,CEST,482,454,28,0
2018-09-28 21:42,2018-09-29 07:41,CEST,599,563,26,11
2018-09-28 00:15,2018-09-28 06:22,CEST,368,350,17,0
2018-09-26 22:05,2018-09-27 06:05,CEST,480,469,12,0
2018-09-25 22:51,2018-09-26 05:03,CEST,372,340,11,21
2018-09-24 23:06,2018-09-25 06:04,CEST,418,381,17,20
2018-09-24 00:58,2018-09-24 06:24,CEST,326,283,18,24
2018-09-22 23:09,2018-09-23 06:56,CEST,466,422,26,19
2018-09-21 22:29,2018-09-22 07:36,CEST,547,496,27,23
2018-09-21 00:57,2018-09-21 06:00,CEST,303,285,11,6
2018-09-19 23:21,2018-09-20 05:33,CEST,372,344,11,17
2018-09-19 01:55,2018-09-19 05:54,CEST,239,222,9,9
2018-09-18 01:17,2018-09-18 06:31,CEST,314,283,11,19
2018-09-16 23:46,2018-09-17 05:58,CEST,373,363,10,0
2018-09-15 22:19,2018-09-16 07:11,CEST,533,498,20,15
2018-09-14 22:33,2018-09-15 06:43,CEST,490,462,18,10
2018-09-13 22:22,2018-09-14 05:50,CEST,449,421,22,6
2018-09-12 22:45,2018-09-13 06:17,CEST,451,427,18,6
2018-09-11 23:31,2018-09-12 05:37,CEST,365,350,16,0
2018-09-10 23:10,2018-09-11 05:59,CEST,409,366,12,30
2018-09-09 23:47,2018-09-10 05:18,CEST,331,305,12,14
2018-09-08 23:00,2018-09-09 07:14,CEST,494,460,25,9
2018-09-07 22:24,2018-09-08 07:10,CEST,527,493,21,12
2018-09-06 22:57,2018-09-07 06:03,CEST,427,391,21,14
2018-09-05 21:45,2018-09-06 05:57,CEST,493,455,38,0
2018-09-04 22:35,2018-09-05 03:21,CEST,286,283,3,0
2018-09-04 00:02,2018-09-04 06:00,CEST,358,327,16,14
2018-09-03 00:00,2018-09-03 06:27,CEST,387,362,17,8
2018-09-01 22:53,2018-09-02 05:47,CEST,415,392,14,9
2018-08-31 22:24,2018-09-01 06:19,CEST,475,443,13,18
2018-08-30 23:15,2018-08-31 05:46,CEST,391,376,15,0
2018-08-29 23:58,2018-08-30 06:10,CEST,372,320,10,43
2018-08-29 00:00,2018-08-29 06:10,CEST,370,338,24,8
2018-08-28 00:44,2018-08-28 06:00,CEST,317,292,16,8
2018-08-26 22:44,2018-08-27 06:16,CEST,453,421,24,8
2018-08-25 22:32,2018-08-26 05:58,CEST,445,415,16,14
2018-08-24 23:25,2018-08-25 06:58,CEST,453,423,23,6
2018-08-23 23:34,2018-08-24 06:11,CEST,397,370,15,12
2018-08-22 23:34,2018-08-23 06:41,CEST,427,364,48,15
2018-08-22 00:04,2018-08-22 06:21,CEST,377,351,15,11
2018-08-21 00:02,2018-08-21 05:30,CEST,328,321,7,0
2018-08-19 22:41,2018-08-20 05:51,CEST,430,412,10,8
2018-08-18 23:59,2018-08-19 06:01,CEST,362,339,10,12
2018-08-17 22:36,2018-08-18 08:03,CEST,568,533,20,15
2018-08-17 00:53,2018-08-17 06:22,CEST,328,298,21,9
2018-08-15 23:10,2018-08-16 06:27,CEST,436,416,21,0
2018-08-15 00:11,2018-08-15 06:30,CEST,378,357,13,9
2018-08-14 01:14,2018-08-14 05:37,CEST,263,254,9,0
2018-08-13 00:29,2018-08-13 05:55,CEST,326,305,9,12
2018-08-11 23:22,2018-08-12 07:25,CEST,484,452,23,9
2018-08-10 22:48,2018-08-11 07:28,CEST,520,472,17,31
2018-08-09 22:29,2018-08-10 05:55,CEST,446,373,19,55
2018-08-08 23:30,2018-08-09 06:27,CEST,418,372,19,27
2018-08-07 23:34,2018-08-08 07:46,CEST,492,455,18,19
2018-08-06 23:32,2018-08-07 06:17,CEST,405,387,18,0
2018-08-05 23:34,2018-08-06 06:34,CEST,420,395,12,12
2018-08-04 23:48,2018-08-05 06:29,CEST,402,375,18,9
2018-08-04 00:12,2018-08-04 07:50,CEST,458,430,21,6
2018-08-03 00:24,2018-08-03 08:13,CEST,469,445,9,14
2018-08-01 23:09,2018-08-02 07:15,CEST,486,454,12,20
2018-07-31 23:49,2018-08-01 06:21,CEST,392,380,12,0
2018-07-30 23:25,2018-07-31 06:33,CEST,429,403,17,9
2018-07-30 00:13,2018-07-30 07:04,CEST,411,388,11,12
2018-07-29 00:07,2018-07-29 06:33,CEST,386,353,10,23
2018-07-28 00:26,2018-07-28 07:04,CEST,397,382,15,0
2018-07-27 00:31,2018-07-27 06:59,CEST,388,367,15,6
2018-07-26 00:27,2018-07-26 07:00,CEST,393,371,16,6
2018-07-25 00:42,2018-07-25 06:45,CEST,363,342,21,0
2018-07-23 23:29,2018-07-24 08:11,CEST,523,492,20,10
2018-07-22 23:37,2018-07-23 06:45,CEST,429,393,20,15
2018-07-21 23:00,2018-07-22 08:12,CEST,552,513,31,8
2018-07-21 01:36,2018-07-21 07:28,CEST,351,340,11,0
2018-07-20 01:03,2018-07-20 06:29,CEST,326,302,11,12
2018-07-19 00:18,2018-07-19 07:12,CEST,414,398,10,6
2018-07-18 00:05,2018-07-18 07:43,CEST,458,425,13,20
2018-07-17 00:17,2018-07-17 06:50,CEST,393,383,10,0
2018-07-16 01:39,2018-07-16 08:14,CEST,395,374,12,9
2018-07-15 02:31,2018-07-15 08:57,CEST,386,373,7,6
2018-07-14 01:06,2018-07-14 07:59,CEST,413,390,10,13
2018-07-13 02:00,2018-07-13 07:49,CEST,349,330,13,6
2018-07-12 05:00,2018-07-12 07:33,CEST,154,142,12,0
2018-07-10 22:30,2018-07-11 07:24,CEST,535,489,35,10
2018-07-09 23:00,2018-07-10 08:52,CEST,592,527,40,25
2018-07-09 00:30,2018-07-09 07:41,CEST,431,397,18,16
2018-07-08 00:32,2018-07-08 08:17,CEST,465,431,14,20
2018-07-06 23:35,2018-07-07 09:19,CEST,584,546,24,14
2018-07-06 01:00,2018-07-06 07:29,CEST,389,368,12,8
2018-07-04 23:55,2018-07-05 05:57,CEST,362,345,11,6
2018-07-04 00:36,2018-07-04 07:12,CEST,395,372,16,8
2018-07-03 00:02,2018-07-03 07:17,CEST,435,395,25,15
2018-07-02 00:23,2018-07-02 06:29,CEST,367,355,11,0
2018-06-30 23:34,2018-07-01 07:00,CEST,446,420,20,6
2018-06-29 23:01,2018-06-30 08:09,CEST,548,525,17,7
2018-06-28 23:41,2018-06-29 06:00,CEST,379,343,26,9
2018-06-28 00:28,2018-06-28 06:24,CEST,356,344,12,0
2018-06-27 00:59,2018-06-27 06:12,CEST,312,286,18,8
2018-06-26 00:14,2018-06-26 06:14,CEST,360,315,27,18
2018-06-25 00:27,2018-06-25 06:30,CEST,362,343,19,0
2018-06-23 23:58,2018-06-24 05:54,CEST,356,344,6,6
2018-06-22 23:30,2018-06-23 08:13,CEST,523,486,29,8
2018-06-21 23:17,2018-06-22 06:30,CEST,433,399,15,19
2018-06-20 22:58,2018-06-21 05:56,CEST,418,399,19,0
2018-06-20 00:48,2018-06-20 06:00,CEST,311,277,11,23
2018-06-18 23:16,2018-06-19 06:05,CEST,410,375,16,18
2018-06-17 23:53,2018-06-18 05:55,CEST,362,346,16,0
2018-06-16 23:30,2018-06-17 08:20,CEST,530,499,23,8
2018-06-15 22:37,2018-06-16 06:39,CEST,481,425,24,33
2018-06-14 23:42,2018-06-15 05:54,CEST,372,354,10,8
2018-06-13 23:30,2018-06-14 05:49,CEST,379,361,7,12
2018-06-13 00:59,2018-06-13 05:28,CEST,269,257,12,0
2018-06-11 23:05,2018-06-12 06:06,CEST,420,399,13,8
2018-06-10 22:49,2018-06-11 06:06,CEST,437,407,28,2
2018-06-09 23:10,2018-06-10 06:30,CEST,439,404,15,20
2018-06-08 23:42,2018-06-09 08:09,CEST,506,465,26,16
2018-06-08 00:48,2018-06-08 05:55,CEST,307,298,9,0
2018-06-07 01:10,2018-06-07 05:59,CEST,289,265,17,6
2018-06-05 23:04,2018-06-06 06:00,CEST,416,394,22,0
2018-06-04 23:30,2018-06-05 05:30,CEST,360,343,10,6
2018-06-03 23:26,2018-06-04 06:12,CEST,406,372,25,10
2018-06-02 23:23,2018-06-03 06:31,CEST,428,406,11,11
2018-06-01 23:54,2018-06-02 07:04,CEST,429,379,38,12
2018-05-31 23:38,2018-06-01 05:55,CEST,378,341,28,8
2018-05-30 23:23,2018-05-31 06:04,CEST,402,367,20,15
2018-05-30 00:35,2018-05-30 05:59,CEST,323,309,8,6
2018-05-28 23:54,2018-05-29 06:06,CEST,371,340,12,20
2018-05-27 23:00,2018-05-28 06:00,CEST,420,409,10,0
2018-05-26 23:00,2018-05-27 06:59,CEST,480,433,26,21
2018-05-25 23:03,2018-05-26 07:16,CEST,493,453,26,14
2018-05-25 00:23,2018-05-25 05:49,CEST,326,308,12,6
2018-05-23 23:08,2018-05-24 05:54,CEST,406,382,17,6
2018-05-22 22:26,2018-05-23 05:57,CEST,451,424,18,9
2018-05-21 23:30,2018-05-22 06:06,CEST,396,363,19,15
2018-05-21 00:12,2018-05-21 07:15,CEST,423,390,19,14
2018-05-19 22:40,2018-05-20 05:40,CEST,420,393,19,8
2018-05-18 22:15,2018-05-19 06:13,CEST,478,449,20,9
2018-05-17 23:09,2018-05-18 06:02,CEST,413,401,12,0
2018-05-16 22:52,2018-05-17 06:19,CEST,447,414,18,15
2018-05-15 22:39,2018-05-16 05:41,CEST,422,405,9,9
2018-05-15 00:13,2018-05-15 05:19,CEST,306,291,9,6
2018-05-13 22:56,2018-05-14 06:05,CEST,429,413,16,0
2018-05-13 01:59,2018-05-13 07:55,CEST,356,321,14,21
2018-05-11 23:53,2018-05-12 07:38,CEST,465,446,18,0
2018-05-11 00:22,2018-05-11 07:29,CEST,427,393,21,12
2018-05-09 23:34,2018-05-10 06:30,CEST,416,390,20,6
2018-05-08 23:55,2018-05-09 05:24,CEST,330,297,16,16
2018-05-08 00:02,2018-05-08 06:20,CEST,378,347,16,15
2018-05-06 23:49,2018-05-07 05:58,CEST,369,356,13,0
2018-05-06 00:18,2018-05-06 08:12,CEST,473,434,23,16
2018-05-04 23:35,2018-05-05 07:15,CEST,460,433,20,6
2018-05-03 21:48,2018-05-04 06:05,CEST,497,460,16,20
2018-05-02 23:10,2018-05-03 05:53,CEST,403,368,14,21
2018-05-01 23:44,2018-05-02 03:56,CEST,252,237,10,6
2018-05-01 01:04,2018-05-01 06:12,CEST,308,289,13,6
2018-04-29 23:57,2018-04-30 06:20,CEST,383,367,10,6
2018-04-29 00:04,2018-04-29 07:23,CEST,438,398,11,29
2018-04-27 23:00,2018-04-28 06:39,CEST,459,437,22,0
2018-04-26 22:34,2018-04-27 08:13,CEST,579,521,34,23
2018-04-26 01:03,2018-04-26 06:13,CEST,310,290,14,6
2018-04-25 02:00,2018-04-25 06:41,CEST,280,270,4,6
2018-04-24 01:29,2018-04-24 06:21,CEST,292,271,7,14
2018-04-22 23:02,2018-04-23 06:30,CEST,448,423,18,6
2018-04-21 22:53,2018-04-22 06:37,CEST,465,390,19,55
2018-04-20 23:18,2018-04-21 06:02,CEST,403,394,10,0
2018-04-19 23:20,2018-04-20 05:39,CEST,379,363,16,0
2018-04-18 23:34,2018-04-19 06:25,CEST,412,381,19,12
2018-04-18 03:06,2018-04-18 06:00,CEST,173,152,15,6
2018-04-16 23:00,2018-04-17 06:05,CEST,425,403,13,10
2018-04-16 00:25,2018-04-16 06:06,CEST,341,330,12,0
2018-04-14 23:38,2018-04-15 09:06,CEST,567,528,24,16
2018-04-14 00:19,2018-04-14 07:49,CEST,450,411,27,12
2018-04-13 00:30,2018-04-13 06:28,CEST,358,339,11,8
2018-04-11 23:32,2018-04-12 06:03,CEST,391,327,15,49
2018-04-11 00:45,2018-04-11 05:39,CEST,294,285,9,0
2018-04-09 23:19,2018-04-10 06:13,CEST,414,389,19,6
2018-04-08 22:56,2018-04-09 06:10,CEST,434,404,15,14
2018-04-08 01:16,2018-04-08 07:56,CEST,400,384,16,0
2018-04-07 01:09,2018-04-07 08:03,CEST,414,390,10,14
2018-04-05 23:08,2018-04-06 06:05,CEST,418,393,18,6
2018-04-04 23:02,2018-04-05 06:14,CEST,431,390,15,27
2018-04-03 23:06,2018-04-04 06:05,CEST,419,380,21,18
2018-04-02 23:22,2018-04-03 05:58,CEST,395,366,10,19
2018-04-01 23:10,2018-04-02 06:18,CEST,427,417,10,0
2018-03-31 22:58,2018-04-01 07:37,CEST,518,482,23,13
2018-03-31 00:41,2018-03-31 06:41,CEST,360,354,6,0
2018-03-29 23:39,2018-03-30 07:54,CEST,495,473,10,12
2018-03-29 00:29,2018-03-29 08:38,CEST,488,471,17,0
2018-03-28 01:15,2018-03-28 08:21,CEST,426,412,14,0
2018-03-27 02:15,2018-03-27 06:36,CEST,260,251,10,0
2018-03-26 00:14,2018-03-26 06:48,CEST,394,379,8,6
2018-03-24 23:18,2018-03-25 09:10,CEST,532,513,13,6
2018-03-24 00:25,2018-03-24 06:41,CEST,376,360,16,0
2018-03-22 23:30,2018-03-23 05:59,CEST,389,358,19,12
2018-03-21 22:43,2018-03-22 05:37,CEST,414,388,17,8
2018-03-20 23:32,2018-03-21 05:18,CEST,346,328,12,6
2018-03-19 22:30,2018-03-20 05:43,CEST,434,400,21,12
2018-03-19 00:29,2018-03-19 06:04,CEST,334,308,8,19
2018-03-17 23:54,2018-03-18 08:28,CEST,514,485,17,12
2018-03-16 22:49,2018-03-17 08:07,CEST,557,529,29,0
2018-03-15 23:30,2018-03-16 05:38,CEST,368,356,12,0
2018-03-15 00:34,2018-03-15 06:03,CEST,329,304,12,12
2018-03-14 00:46,2018-03-14 06:02,CEST,316,304,6,6
2018-03-12 23:44,2018-03-13 06:00,CEST,376,367,9,0
2018-03-11 22:01,2018-03-12 05:44,CEST,463,441,22,0
2018-03-11 00:30,2018-03-11 06:35,CEST,365,346,11,9
2018-03-09 22:55,2018-03-10 07:17,CEST,501,489,12,0
2018-03-08 23:26,2018-03-09 06:05,CEST,399,356,15,28
2018-03-08 01:00,2018-03-08 06:05,CEST,305,297,8,0
2018-03-07 00:13,2018-03-07 05:53,CEST,340,307,12,20
2018-03-06 00:21,2018-03-06 05:58,CEST,337,317,14,6
2018-03-04 23:49,2018-03-05 06:22,CEST,394,358,19,17
2018-03-04 01:35,2018-03-04 06:59,CEST,324,308,16,0
2018-03-02 22:19,2018-03-03 09:01,CEST,642,581,25,36
2018-03-02 00:14,2018-03-02 04:49,CEST,276,254,21,0
2018-03-01 00:45,2018-03-01 05:45,CEST,300,289,11,0
2018-02-27 23:43,2018-02-28 06:04,CEST,381,347,16,18
2018-02-26 23:53,2018-02-27 06:20,CEST,387,362,18,6
2018-02-26 00:05,2018-02-26 05:35,CEST,331,305,11,14
